<?xml-stylesheet type="text/xsl" href="..\..\ProgramSet\set.xsl"?><S lang="en-US">
  <P n="BatchProcessing" tip="" title="Batch processing">
    <V label="Specify server communication request timeout with virtual viewer" n="ServerCommunicationRequestTimeout" tip="Specify server communication request timeout in milliseonds with virtual viewer" type="text">120000</V>
    <!--
		<V n="CreateDoc" label="Create Document Node" tip="Specifies to create doc node for the scan task" type="checkbox">0</V>
		<V n="CreateDir" label="Create Batch Directory" tip="Specifies to assume batch creation mode and create batch directory" type="checkbox">1</V> -->
    <V label="Page file" n="TaskDCOFile" tip="Enter the name of the page file that will be created during this task. &#10;Use taskname.xml to automatically assign the name of the task to the page file." type="text">taskname.xml</V>
    <V label="Allow hold" n="Hold" tip="Select this check box to display the Hold button on the web page. &#10;When the Hold button is visible, users can place a batch on hold before processing is complete." type="checkbox">1</V>
    <V label="Allow Cancel" n="Cancel" tip="Group name allowed to cancel a batch. blank: Allows all groups to cancel a batch, none: Do not allow any groups to cancel a batch, group names: Only users in this group are allowed to cancel a batch. LDAP groups are not supported." type="text"/>
    <P n="Navigation" tip="" title="Navigation">
      <V label="Validation status" n="DOF" tip="Enter the three different status values that the application assigns to the current page after validation in a comma-separated list:&#10;- The first value is assigned when validation passes (Done). &#10;- The second value is assigned when the operator overrides a validation error (Override). &#10;- The third value is assigned when validation fails and override is not used (Fail).&#10;For example, 0,2,1 specifies Done status = 0; Override status = 2; Fail status = 1." type="text">0,2,1</V>
    </P>
  </P>
  <P n="Rulerunner" tip="" title="Rulerunner settings">
    <V label="Show the Start Batch panel" n="StartPanel" tip="Select this check box to display the Start Batch panel when a new batch is started." type="checkbox">0</V>
    <V label="Main task profile" n="TProfile" tip="Enter the name of the task profile to run when users click the Submit button." type="text"/>
    <V label="Additional task profiles" n="AltTProfile" tip="Enter the names of one or more task profiles that can be run from the verify interface &#10;in a comma-separated list. Instead of the default Verify button, &#10;the interface displays a button for each task profile that is listed." type="text"/>
    <V label="Data preparation task profile" n="PreTProfile" tip="Enter the name of the task profile that the application runs to modify, convert, prepare, &#10;copy, or move data before the data and page are displayed by the main task." type="text"/>
    <V label="Local Service Base URL" n="LocalServiceBaseUrl" tip="The base url of the local service" type="text">http://127.0.0.1:51224/service/</V>
    <V label="Post Scan Task Profile" n="PostScanTProfile" tip="Task profile to run once scanning completes" type="text"/>
    <V label="In Scan Task Profile" n="InScanTProfile" tip="Task profile to run once a page is scanned and saved in the local file system" type="text"/>
    <V label="Suppress Local Service Not Available Error" n="SuppressLocalServiceUnavailableError" tip="Do not show error dialog when Local Service is not available. This is useful when Local Service has not been deployed to all clients machines" type="checkbox">0</V>
  </P>
  <P n="StaticWebSet" tip="" title="Custom web panels">
    <V label="Use custom web panels" n="Static" tip="Select this check box when you want a custom data entry panel to be displayed for this task." type="checkbox">0</V>
    <G n="Web-Panels" tip="Key-value pairs to associate DCO or Page TYPE to ascx panel file." title="Bind TYPE to ascx panel">
<V label="Panel for" n="webPage_TYPE" tip="Association of DCO type to panel file name" type="text">Panel.ascx</V>
</G>
  </P>
  <P n="Scan" tip="Specify the expected number of pages and documents. Create all documents in the batch with the same number of pages in each batch." title="Start batch panel">
    <!--<V n="ScanDir" label="Local Scan Directory" tip="Temporary scan directory to place images into + \batchid\" type="text">c:\datacap\scan</V>-->
    <!--<V n="LocalProc" label="Local Processing" tip="Enables uploadless process, to place IMAGEFILEs into ScanDir=RootBatchDir" type="checkbox">0</V>-->
    <V label="Upload immediately" n="Upload" tip="Select this check box to indicate that the Upload task starts automatically when the scan task for the batch is successfully completed." type="checkbox">1</V>
    <V label="Async Upload" n="AsyncUpload" tip="Uploads pages in an async mode" type="checkbox">0</V>
    <!--<V n="PageID" label="Enable Page ID" tip="Allows to ID images based on Setup DCO types" type="checkbox">0</V>-->
    <V label="File extension" n="FileExt" tip="Enter the file extension that is to be processed by the disk scan process, which is also known as virtual scan or VScan." type="text">tif,pdf</V>
    <V label="Show Single Page" n="ShowSinglePage" tip="Show singe page in the virtual image viewer." type="checkbox">0</V>
    <V label="Use Local Rendering Service" n="useLocalRenderingService" tip="Use local service to render images duing scan" type="checkbox">0</V>
    <V label="Magnetic Ink Character Recognition" n="MICR" tip="Magnetic Ink Character Recognition Support. Only works for scanners that have MICR support." type="checkbox">0</V>
    <V label="Allows To Import Files From Directory" n="ShowImportFromDirectory" tip="Group name allowed to import files from directory to the batch. blank: All groups are allowed to import files from directory to the batch, none: No groups are allowed to import files from directory to the batch, group names: Only users in this group are allowed to import files from directory to the batch. LDAP groups are not supported." type="text"/>
    <!--<V n="FileType" label="File Compression" tip="Specify file compression (Snowbound Lib. constant) how to write image file after rotate/change operation on the image" type="text">10</V>-->
    <V label="Set Data Source to File Transfer Mode" n="dataSourceFileMode" tip="Sets the scanner transfer mode to DISK FILE mode, thus files are scanned to disk directly." type="checkbox">0</V>
    <V label="Max Size to Display PDF/Office document" n="MaxSizetoShowPDFOfficeInVViewer" tip="Specify the max size to display PDF/Office document in virtual viewer, and the unit is KB. 0 means no restriction on file size. Once the file size exceeds the specified size, the file is shown as a PDF icon." type="text">0</V>
    <P n="ScannerSet" tip="" title="Scanner settings">
      <V label="Allow Show Manufacturer Scanner Properties" n="AllowShowScannerUI" tip="Control if allow end user to show manufacturer scanner properties" type="checkbox">0</V>
      <V label="Autofeed" n="Autofeed" tip="Select this check box when you want the pages to be fed into the scanner using the scanner's autofeeder." type="checkbox">1</V>
      <V label="Use Duplex mode" n="Duplex" tip="When Duplex mode is enabled - both sides of an image are scanned." type="checkbox">1</V>
      <V label="Pixel type" n="PixelType" tip="Enter one of the following number for the images that are created by the scanner:&#10;0 - B/W&#10;1 - grayscale&#10;2 - color" type="text">0</V>
      <V label="Bit depth" n="Bits" tip="Enter one of the following bit depths for the images that are created by the scanner:&#10;1 - monochrome&#10;8 - grayscale&#10;24 - color" type="text">1</V>
      <V label="Image resolution" n="Resolution" tip="Enter the resolution (dots per inch) of the images that are created by the scanner. &#10;The resolution for both height and width is the same." type="text">200</V>
      <V label="Paper Size" n="PaperSize" tip="Specify paper size for scanning (0-none, 1-A4, 2-JISB5)" type="text">0</V>
      <V label="File extension" n="Extension" tip="Specify the extension that is assigned to the scanned images: tif, jpg, pic, or bmp." type="text">tif</V>
      <V label="Skip Blank Pages" n="SkipBlankPages" tip="Specify whether to discard blank pages, default is do not discard. For some scanners, duplex must be unchecked for this to be enabled." type="checkbox">1</V>
      <G n="customized-scanner-settings" tip="Define scanner settings for specifc physical scanner.For example: If specify the following settings string for scanner 'FUJITSU fi-6130Zdj'-'1,0,0,1,300,1,tif', it means 'enable Auto feeder', 'disable dupex mode', 'set pixel type to black and white', 'set bit depth to 1', 'set resolution to 300', 'set paper size to A4', 'The scanned image format is tif'." title="Customized Scanner Settings">
<V hotkey="" label="Scanner Name" n="ScannerName" tip="" type="text"/>
</G>
      <V label="Enable Imprinting" n="EnableImprinting" tip="Enable Imprinting" type="checkbox">0</V>
      <P n="ImprintingCapabilities" tip="Imprinting capabilities" title="Imprinting Capabilities">
        <V label="Printer Values" n="CapPrinterValues" tip="Set the printer capabilities, enum values are: 0,1,2,3,4,5,6,7. TWPR_IMPRINTERTOPBEFORE: 0, TWPR_IMPRINTERTOPAFTER: 1, TWPR_IMPRINTERBOTTOMBEFORE: 2, TWPR_IMPRINTERBOTTOMAFTER: 3, TWPR_ENDORSERTOPBEFORE: 4, TWPR_ENDORSERTOPAFTER: 5, TWPR_ENDORSERBOTTOMBEFORE: 6, TWPR_ENDORSERBOTTOMAFTER: 7" type="text"/>
        <V label="Printer Mode" n="CapPrinterMode" tip="Set the printer mode, enum values are: 0,1,2. TWPM_SINGLESTRING: 0 (Specifies that the printed text will consist of a single string), TWPM_MULTISTRING: 1 (Specifies that the printed text will consist of an enumerated list of strings to be printed in order), TWPM_COMPOUNDSTRING: 2 (Specifies that the printed string will consist of a compound of a String followed by a value followed by a suffix string)" type="text"/>
        <V label="Printer Content Variable Separator" n="VariableSeparator" tip="Available separators are: '.', '_', '-','/','\\'" type="text">-</V>
        <G n="ImprintingContent" title="Printer Content Variables">
<V label="Variable" n="UserId" tip="set the variable like AppName, UserId, Date, PageSequenceNo etc." type="text"/>
<V label="Variable" n="StationId" tip="set the variable like AppName, UserId, Date, PageSequenceNo etc." type="text"/>
<V label="Variable" n="Date" tip="set the variable like AppName, UserId, Date, PageSequenceNo etc." type="text">YY-MM-DD</V>
<V label="Variable" n="PageSequenceNo" tip="set the variable like AppName, UserId, Date, PageSequenceNo etc." type="text"/>
</G>
      </P>
    </P>
    <P n="EditableScannerCapabilities" tip="Editable scanner capabilities" title="Editable scanner capabilities">
      <V label="Edit Scan Properties Group" n="EditAllCap" tip="Group name allowed to edit any or all scan UI properties. blank: Allows all groups to edit scan UI properties, none: Do not allow any groups to edit scan UI properties, group names: Only users in this group are allowed to edit scan UI properties." type="text"/>
      <V label="Show Manufacturer Scanner Properties" n="ShowScannerUICap" tip="When enabled user may change control if allow end user to show manufacturer scanner properties" type="checkbox">0</V>
      <V label="Enable Autofeeder" n="AutofeedCap" tip="When enabled user may change scanner source - manual vs. autofeeder option" type="checkbox">0</V>
      <V label="Duplex Mode" n="DuplexCap" tip="When enabled user may change duplex mode" type="checkbox">0</V>
      <V label="Pixel Type" n="PixelTypeCap" tip="When enabled user may change pixel type" type="checkbox">0</V>
      <V label="Bit Depth" n="BitsCap" tip="When enabled user may change bitdepth" type="checkbox">0</V>
      <V label="Image Resolution DPI" n="ResolutionCap" tip="When enabled user may change image resolution DPI" type="checkbox">0</V>
      <V label="Paper Size" n="PaperSizeCap" tip="When enabled user may change paper size" type="checkbox">0</V>
      <V label="Image format" n="ExtensionCap" tip="When enabled user may change extension for the scanned images" type="checkbox">0</V>
    </P>
    <P n="VisibilityScannerCapabilities" tip="Visibility of scanner capabilities" title="Visibility of scanner capabilities">
      <V label="Show scanner capabilities" n="showScannerCapabilities" tip="Setting to allow showing scanner capabilities" type="checkbox">0</V>
      <P n="CapabilityVisibility" tip="Visibility of scanner capabilities" title="Scanner capabilities">
        <V label="Show Manufacturer Scanner Properties" n="ShowScannerUIVisible" tip="When checked, user will see this propperty in the scan UI" type="checkbox">1</V>
        <V label="Enable Autofeeder" n="AutofeedVisible" tip="When checked, user will see this property in scan UI" type="checkbox">1</V>
        <V label="Duplex Mode" n="DuplexVisible" tip="When checked, user will see this property in scan UI" type="checkbox">1</V>
        <V label="Pixel Type" n="PixelTypeVisible" tip="When checked, user will see this property in scan UI" type="checkbox">1</V>
        <V label="Bit Depth" n="BitsVisible" tip="When checked, user will see this property in scan UI" type="checkbox">1</V>
        <V label="Image Resolution DPI" n="ResolutionVisible" tip="When checked, user will see this property in scan UI" type="checkbox">1</V>
        <V label="Paper Size" n="PaperSizeVisible" tip="When checked, user will see this property in scan UI" type="checkbox">1</V>
        <V label="Image format" n="ExtensionVisible" tip="When checked, user will see this property in scan UI" type="checkbox">1</V>
        <V label="Use Scanner Profile" n="useScannerProfile" tip="Save or load scanner settings to or from scanner profile" type="checkbox">1</V>
        <V label="Save Scanner Profile to Local Disk" n="isLocalScannerProfile" tip="Save or load scanner profiles to or from local disk when Use Scanner Profile is selected" type="checkbox">0</V>
        <V label="Local Scanner Profile Folder" n="localScannerProfileDir" tip="The full path of folder to save or load scanner profiles when Save Scanner Profile to Local Disk is selected, for example: C:\temp\LocalScannerProfiles" type="text"/>
      </P>
    </P>
    <P n="OutImages" tip="Target image file parameters" title="Output Images">
      <V label="B/W Compression" n="Compression" tip="Specify the type of compression for black and white images (0-uncompressed, 1-CCITT RLE, 2-CCITT Group 3 fax, 3-CCITT Group 3-2D fax, 4-CCITT Group 4 fax)" type="text">4</V>
      <!-- 
			<V n="ResaveType" label="Resave File Type" tip="If grayscale or color image has to be compressed using other than JPEG file format - specify file type here: -1 - no recompression; 40 - TIFF JPEG; refer to snowbound manulal for other possible values" type="text">-1</V>
			<V n="ResaveExt" label="Resave File Extension" tip="Specify extension for images, compressed with ResaveType from above if ResaveType is not -1" type="text">-1</V>
			 -->
    </P>
    <P n="TreeWebSet" tip="Settings for BatchView in web tasks" title="DCO tree view">
      <V label="Read-only view" n="TreeReadOnly" tip="Check to disable modification to batch structure." type="checkbox">0</V>
      <P n="OperationEnabled" tip="Setting to allow operation to batch structure." title="Actions">
        <V label="Split Document" n="split" tip="Split documents in batch structure" type="checkbox">0</V>
        <V label="Join Document" n="join" tip="Join documents in batch structure" type="checkbox">0</V>
        <V label="Copy Page" n="copy" tip="Copy page in batch structure" type="checkbox">0</V>
        <V label="Mark for Deleted Status" n="markForDeleted" tip="Mark page or document for deleted status in batch structure" type="checkbox">0</V>
        <V label="Mark for Rescan Status" n="markForRescan" tip="Mark page for rescan status in batch structure" type="checkbox">1</V>
        <V label="Mark for Review Status" n="markForReview" tip="Mark page or document for review status in batch structure" type="checkbox">1</V>
        <V label="Remove Page" n="removePage" tip="Remove pages in batch structure" type="checkbox">1</V>
        <V label="Move" n="move" tip="Move up or down pages or documents in batch structure" type="checkbox">1</V>
        <V label="Disassemble Documents" n="disassembleDocs" tip="Disassemble all documents in batch structure" type="checkbox">0</V>
        <V label="Check Integrity" n="checkIntegrity" tip="Run rule to check integrity" type="checkbox">0</V>
        <V label="Undo" n="undo" tip="Undo the batch structure actions" type="checkbox">1</V>
        <V label="Drag and Drop" n="dragAndDrop" tip="Drag and Drop pages or documents in batch structure" type="checkbox">1</V>
        <V label="Comment" n="comment" tip="Enable comment on page" type="checkbox">1</V>
      </P>
      <V label="Highlighted types" n="HiTypes" tip="Enter the page types to highlight for better visual separation (like Start Doc) in a comma-separated list." type="text"/>
      <G n="TreeVars" tip="Key-value pairs to determine what to show in the DCO view" title="Display variables">
<V label="Props for var" n="TYPE" tip="Comma-separated AllowEdit,VarDropDown" type="text">0</V>
</G>
    </P>
  </P>
  <P n="NCLayout" tip="Defines run-time layout." title="Navigator Layout">
    <V label="Layout" n="Layout" tip="Defines the run-time layout" type="text"/>
  </P>
</S>