{
	// comments can be placed anywhere inside the braces
	"workflow.TravelDocs":"Travel Documents",

	// jobs and job descriptions
	"job.Main Job":"Main Job",							
	"jobdescription.Main Job":"VScan process",
	"job.Web Job":"Web Job", 
	"jobdescription.Web Job":"Web VScan process",
	"job.Navigator Job":"Navigator Job",
	"jobdescription.Navigator Job":"Navigator scan process",
	"job.Fixup Job":"Fixup Job",
	"jobdescription.Fixup Job":"Document fixup and rescan",

	// shortcuts and shortcut descriptions
	"shortcut.Verify":"Verify",
	"shortcutdescription.Verify":"Data verification with rules validation",
	"shortcut.Export":"Export",
	"shortcutdescription.Export":"Export data",
	"shortcut.VScan":"Virtual Scan",
	"shortcutdescription.VScan":"Ingest documents from disk files",
	"shortcut.FixUp":"Fixup",
	"shortcutdescription.FixUp":"Document structure exceptions and rescan",
	"shortcut.Profiler":"Profiler",
	"shortcutdescription.Profiler":"OCR recognition and data validation",
	"shortcut.PageID":"PageID",
	"shortcutdescription.PageID":"Page type classification",
	"shortcut.Background":"Background",
	"shortcutdescription.Background":"All unattended tasks (PageID, Profiler, Export)",
	"shortcut.Upload":"Upload",
	"shortcutdescription.Upload":"Upload batches from thin client",
	"shortcut.Web Vscan":"Web Vscan",
	"shortcutdescription.Web Vscan":"Ingest documents from disk files (Web client)",
	"shortcut.Scan":"Navigator scan",
	"shortcutdescription.Scan":"Scan documents or ingest from disk files (Navigator)",

	// tasks
	"task.NScan":"Scan with Datacap Navigator client",
	"task.VScan":"Virtual Scan",
	"task.NUpload":"Upload",
	"task.Profiler":"Batch Profiler",								
	"task.PageID":"Page ID",
	"task.FixUp":"Fixup",
	"task.Verify":"Verify",
	"task.Export":"Export",
	"task.iVScan":"Virtual Scan",
	"task.Upload":"Upload",

	// document and page types
	"doctype.Car_Rental":"Car rental",
	"doctype.Flight":"Airline flight",
	"doctype.Hotel":"Hotel bill",
	
	"pagetype.Rental_Agreement":"Car rental agreement",
	"pagetype.Optional_Insurance":"Car insurance",
	"pagetype.Room_Receipt":"Hotel room charges",
	"pagetype.Meals":"Meal charges",
	"pagetype.Other_Charges":"Miscellaneous hotel charges",
	"pagetype.Air_Ticket":"Airline ticket",

	// fields (includes batch-level fields)
	"field.Pickup_Date":"Car pick-up date",
	"field.Pickup_Location":"Car pick-up location",
	"field.Return_Date":"Car return date",
	"field.Return_Location":"Car return location",
	"field.Car_Type":"Car type",
	"field.Options":"Car options",
	"field.Total_Cost":"Total cost",
	
	"field.CDW":"Insurance CDW selected",
	"field.PAI":"Insurance PAI selected",
	"field.PEP":"Insurance PEP selected",
	"field.ELP":"Insurance ELP selected",
	
	"field.Arrival_Date":"Arrival date",
	"field.Departure_Date":"Departure date",
	
	"field.Outbound_From":"Departure airport",
	"field.Outbound_To":"Destination airport",
	"field.Outbound_Date":"Departure date",
	"field.Return_From":"Return from airport",
	"field.Return_To":"Return to airport",
	"field.Return_Date":"Return date",
	"field.Airfare":"Airfare",
	"field.Taxes":"Taxes",
	
	"field.Meals_Total":"Food total",
	"field.Meals_Grid":"Meals",
	"field.Meals_Line_Item":"Meal expense",
	"field.Date":"Expense date",
	"field.Description":"Expense description",
	"field.Cost":"Expense amount",
	
	"field.Other_Charges_Total":"Other expenses total",
	"field.Other_Charges_Grid":"Other expenses",
	"field.Other_Charges_Line_Item":"Other expense",
	"field.Category":"Expense type",
	"field.Quantity":"Quantity",
	"field.Unit_Cost":"Unit cost",
	"field.Total":"Total cost",

	// messages (ID such as 'M001' must match those set in MessageIDParameter action)
	// To use this message, replace PilotMessage_Set action with MessageID action
	// Translator: the strings "Compact" "Standard" "Full size" "SUV" and "Other" should NOT be translated
	"message.M001":"Invalid car type selected.  Enter {0}, {1}, {2}, {3} or {4}."
}
