<?xml-stylesheet type="text/xsl" href="..\..\dco.xsl"?>
<S>
	<B type="CASA">
		<V n="ID">0</V>
		<V n="TYPE">Batch</V>
		<V n="STATUS">0</V>
		<V n="MIN_TYPES">0</V>
		<V n="MAX_TYPES">0</V>
		<V n="rules">&lt;in /&gt;&lt;out /&gt;</V>
		<P type="Other" pos="0" min="0" max="0"/>
		<D type="Document" pos="0" min="0" max="0"/>
		<D type="SAVING ACCOUNT OPENING FORM DOC" pos="0" min="0" max="0"/>
		<D type="SAVING KYC DOCUMENT DOC" pos="0" min="0" max="0"/>
		<D type="SAVING NOMINATION FORM DOC" pos="0" min="0" max="0"/>
		<D type="SAVING CHEQUE BOOK APPLICATION DOC" pos="0" min="0" max="0"/>
		<D type="SAVING ATM APPLICATION DOC" pos="0" min="0" max="0"/>
		<D type="CURRENT ACCOUNT OPENING FORM DOC" pos="0" min="0" max="0"/>
		<D type="CURRENT KYC_DOCUMENT DOC" pos="0" min="0" max="0"/>
		<D type="CURRENT NOMINATION-FORM DOC" pos="0" min="0" max="0"/>
		<D type="CURRENT CHEQUE_BOOK_APPLICATION DOC" pos="0" min="0" max="0"/>
		<D type="CURRENT ATM_APPLICATION DOC" pos="0" min="0" max="0"/>
		<D type="FD ACCOUNT OPENING FORM DOC" pos="0" min="0" max="0"/>
		<D type="FD NOMINATION_FORM DOC" pos="0" min="0" max="0"/>
		<D type="FD 15G_15H DOC" pos="0" min="0" max="0"/>
	</B>
	<D type="Document">
		<V n="ID">0</V>
		<V n="TYPE">Document</V>
		<V n="STATUS">0</V>
		<V n="DOC DATA">0</V>
		<V n="MIN_TYPES">0</V>
		<V n="MAX_TYPES">0</V>
		<V n="rules">&lt;in /&gt;&lt;out /&gt;</V>
		<P type="Page" pos="1" min="1" max="0"/>
	</D>
	<D type="SAVING ACCOUNT OPENING FORM DOC">
		<V n="ID">0</V>
		<V n="TYPE">Document</V>
		<V n="STATUS">0</V>
		<V n="DOC DATA">0</V>
		<V n="MIN_TYPES">0</V>
		<V n="MAX_TYPES">0</V>
		<V n="rules">&lt;in /&gt;&lt;out /&gt;</V>
		<P type="SAVING ACCOUNT OPENING FORM" pos="0" min="0" max="0"/>
		<P type="SAVING ACCOUNT OPENING FORM_TrailingPage" pos="0" min="0" max="0"/>
	</D>
	<D type="SAVING KYC DOCUMENT DOC">
		<V n="ID">0</V>
		<V n="TYPE">Document</V>
		<V n="STATUS">0</V>
		<V n="DOC DATA">0</V>
		<V n="MIN_TYPES">0</V>
		<V n="MAX_TYPES">0</V>
		<V n="rules">&lt;in /&gt;&lt;out /&gt;</V>
		<P type="SAVING KYC DOCUMENT" pos="0" min="0" max="0"/>
		<P type="SAVING KYC_DOCUMENT_TrailingPage" pos="0" min="0" max="0"/>
	</D>
	<D type="SAVING NOMINATION FORM DOC">
		<V n="ID">0</V>
		<V n="TYPE">Document</V>
		<V n="STATUS">0</V>
		<V n="DOC DATA">0</V>
		<V n="MIN_TYPES">0</V>
		<V n="MAX_TYPES">0</V>
		<V n="rules">&lt;in /&gt;&lt;out /&gt;</V>
		<P type="SAVING NOMINATION FORM" pos="0" min="0" max="0"/>
		<P type="SAVING NOMINATION_FORM_1_TralingPage" pos="0" min="0" max="0"/>
	</D>
	<D type="SAVING CHEQUE BOOK APPLICATION DOC">
		<V n="ID">0</V>
		<V n="TYPE">Document</V>
		<V n="STATUS">0</V>
		<V n="DOC DATA">0</V>
		<V n="MIN_TYPES">0</V>
		<V n="MAX_TYPES">0</V>
		<V n="rules">&lt;in /&gt;&lt;out /&gt;</V>
		<P type="SAVING CHEQUE BOOK APPLICATION" pos="0" min="0" max="0"/>
		<P type="SAVING CHEQUE_BOOK_APPLICATION_TrailingPage" pos="0" min="0" max="0"/>
	</D>
	<D type="SAVING ATM APPLICATION DOC">
		<V n="ID">0</V>
		<V n="TYPE">Document</V>
		<V n="STATUS">0</V>
		<V n="DOC DATA">0</V>
		<V n="MIN_TYPES">0</V>
		<V n="MAX_TYPES">0</V>
		<V n="rules">&lt;in /&gt;&lt;out /&gt;</V>
		<P type="SAVING ATM APPLICATION" pos="0" min="0" max="0"/>
		<P type="SAVING ATM_APPLICATION_TrailingPage" pos="0" min="0" max="0"/>
	</D>
	<D type="CURRENT ACCOUNT OPENING FORM DOC">
		<V n="ID">0</V>
		<V n="TYPE">Document</V>
		<V n="STATUS">0</V>
		<V n="DOC DATA">0</V>
		<V n="MIN_TYPES">0</V>
		<V n="MAX_TYPES">0</V>
		<V n="rules">&lt;in /&gt;&lt;out /&gt;</V>
		<P type="CURRENT ACCOUNT OPENING FORM" pos="0" min="0" max="0"/>
		<P type="CURRENT ACCOUNT OPENING FORM_TrailingPage" pos="0" min="0" max="0"/>
	</D>
	<D type="CURRENT KYC_DOCUMENT DOC">
		<V n="ID">0</V>
		<V n="TYPE">Document</V>
		<V n="STATUS">0</V>
		<V n="DOC DATA">0</V>
		<V n="MIN_TYPES">0</V>
		<V n="MAX_TYPES">0</V>
		<V n="rules">&lt;in /&gt;&lt;out /&gt;</V>
		<P type="CURRENT KYC_DOCUMENT" pos="0" min="0" max="0"/>
		<P type="CURRENT KYC_DOCUMENT_TrailingPage" pos="0" min="0" max="0"/>
	</D>
	<D type="CURRENT NOMINATION-FORM DOC">
		<V n="ID">0</V>
		<V n="TYPE">Document</V>
		<V n="STATUS">0</V>
		<V n="DOC DATA">0</V>
		<V n="MIN_TYPES">0</V>
		<V n="MAX_TYPES">0</V>
		<V n="rules">&lt;in /&gt;&lt;out /&gt;</V>
		<P type="CURRENT NOMINATION-FORM" pos="0" min="0" max="0"/>
		<P type="CURRENT NOMINATION-FORM_TrailingPage" pos="0" min="0" max="0"/>
	</D>
	<D type="CURRENT CHEQUE_BOOK_APPLICATION DOC">
		<V n="ID">0</V>
		<V n="TYPE">Document</V>
		<V n="STATUS">0</V>
		<V n="DOC DATA">0</V>
		<V n="MIN_TYPES">0</V>
		<V n="MAX_TYPES">0</V>
		<V n="rules">&lt;in /&gt;&lt;out /&gt;</V>
		<P type="CURRENT CHEQUE_BOOK_APPLICATION" pos="0" min="0" max="0"/>
		<P type="CURRENT CHEQUE_BOOK_APPLICATION_TrailingPage" pos="0" min="0" max="0"/>
	</D>
	<D type="CURRENT ATM_APPLICATION DOC">
		<V n="ID">0</V>
		<V n="TYPE">Document</V>
		<V n="STATUS">0</V>
		<V n="DOC DATA">0</V>
		<V n="MIN_TYPES">0</V>
		<V n="MAX_TYPES">0</V>
		<V n="rules">&lt;in /&gt;&lt;out /&gt;</V>
		<P type="CURRENT ATM_APPLICATION" pos="0" min="0" max="0"/>
		<P type="CURRENT ATM_APPLICATION_TrailingPage" pos="0" min="0" max="0"/>
	</D>
	<D type="FD ACCOUNT OPENING FORM DOC">
		<V n="ID">0</V>
		<V n="TYPE">Document</V>
		<V n="STATUS">0</V>
		<V n="DOC DATA">0</V>
		<V n="MIN_TYPES">0</V>
		<V n="MAX_TYPES">0</V>
		<V n="rules">&lt;in /&gt;&lt;out /&gt;</V>
		<P type="FD ACCOUNT OPENING FORM" pos="0" min="0" max="0"/>
		<P type="FD ACCOUNT OPENING FORM_TrailingPage" pos="0" min="0" max="0"/>
	</D>
	<D type="FD NOMINATION_FORM DOC">
		<V n="ID">0</V>
		<V n="TYPE">Document</V>
		<V n="STATUS">0</V>
		<V n="DOC DATA">0</V>
		<V n="MIN_TYPES">0</V>
		<V n="MAX_TYPES">0</V>
		<V n="rules">&lt;in /&gt;&lt;out /&gt;</V>
		<P type="FD NOMINATION_FORM" pos="0" min="0" max="0"/>
		<P type="FD NOMINATION_FORM_TrailingPage" pos="0" min="0" max="0"/>
	</D>
	<D type="FD 15G_15H DOC">
		<V n="ID">0</V>
		<V n="TYPE">Document</V>
		<V n="STATUS">0</V>
		<V n="DOC DATA">0</V>
		<V n="MIN_TYPES">0</V>
		<V n="MAX_TYPES">0</V>
		<V n="rules">&lt;in /&gt;&lt;out /&gt;</V>
		<P type="FD 15G_15H" pos="0" min="0" max="0"/>
		<P type="FD 15G_15H_TrailingPage" pos="0" min="0" max="0"/>
	</D>
	<P type="Other">
		<V n="ID">0</V>
		<V n="TYPE">Page</V>
		<V n="STATUS">0</V>
		<V n="IMAGEFILE"></V>
		<V n="DATAFILE"></V>
		<V n="TEMPLATE IMAGE"></V>
		<V n="MIN_TYPES">0</V>
		<V n="MAX_TYPES">0</V>
		<V n="rules">&lt;in /&gt;&lt;out /&gt;</V>
	</P>
	<P type="Page">
		<V n="ID">0</V>
		<V n="TYPE">Page</V>
		<V n="STATUS">0</V>
		<V n="IMAGEFILE"></V>
		<V n="DATAFILE"></V>
		<V n="TEMPLATE IMAGE"></V>
		<V n="MIN_TYPES">0</V>
		<V n="MAX_TYPES">0</V>
		<V n="rules">&lt;in /&gt;&lt;out /&gt;</V>
		<F type="Document_Type" pos="0" min="0" max="0"/>
	</P>
	<P type="SAVING ACCOUNT OPENING FORM">
		<V n="ID">0</V>
		<V n="TYPE">Page</V>
		<V n="STATUS">0</V>
		<V n="IMAGEFILE"></V>
		<V n="DATAFILE"></V>
		<V n="TEMPLATE IMAGE"></V>
		<V n="MIN_TYPES">0</V>
		<V n="MAX_TYPES">0</V>
		<V n="rules">&lt;in /&gt;&lt;out /&gt;</V>
		<F type="ACCOUNT NUMBER" pos="0" min="0" max="0"/>
		<F type="CUSTOMER NAME" pos="0" min="0" max="0"/>
		<F type="CIF" pos="0" min="0" max="0"/>
		<F type="ACCOUNT OPEN DATE" pos="0" min="0" max="0"/>
		<F type="ACCOUNT TYPE" pos="0" min="0" max="0"/>
		<F type="SOL ID" pos="0" min="0" max="0"/>
		<F type="DOB" pos="0" min="0" max="0"/>
		<F type="STAFF EMPLOYEE NO" pos="0" min="0" max="0"/>
		<F type="MOBILE" pos="0" min="0" max="0"/>
		<F type="EMAIL ID" pos="0" min="0" max="0"/>
		<F type="Photograph" pos="0" min="0" max="0"/>
		<F type="Signature" pos="0" min="0" max="0"/>
	</P>
	<P type="SAVING KYC DOCUMENT">
		<V n="ID">0</V>
		<V n="TYPE">Page</V>
		<V n="STATUS">0</V>
		<V n="IMAGEFILE"></V>
		<V n="DATAFILE"></V>
		<V n="TEMPLATE IMAGE"></V>
		<V n="MIN_TYPES">0</V>
		<V n="MAX_TYPES">0</V>
		<V n="rules">&lt;in /&gt;&lt;out /&gt;</V>
		<F type="ACCOUNT NUMBER_1" pos="0" min="0" max="0"/>
		<F type="CIF_1" pos="0" min="0" max="0"/>
		<F type="DOC TYPE" pos="0" min="0" max="0"/>
		<F type="ID PROOF DOCUMENTS" pos="0" min="0" max="0"/>
		<F type="ADDRESS PROOF DOCUMENTS" pos="0" min="0" max="0"/>
		<F type="PHOTO IDENTITY" pos="0" min="0" max="0"/>
	</P>
	<P type="SAVING NOMINATION FORM">
		<V n="ID">0</V>
		<V n="TYPE">Page</V>
		<V n="STATUS">0</V>
		<V n="IMAGEFILE"></V>
		<V n="DATAFILE"></V>
		<V n="TEMPLATE IMAGE"></V>
		<V n="MIN_TYPES">0</V>
		<V n="MAX_TYPES">0</V>
		<V n="rules">&lt;in /&gt;&lt;out /&gt;</V>
		<F type="ACCOUNT NUMBER_2" pos="0" min="0" max="0"/>
		<F type="CUSTOMER NAME_1" pos="0" min="0" max="0"/>
		<F type="NOMINATION REG NUMBER" pos="0" min="0" max="0"/>
	</P>
	<P type="SAVING CHEQUE BOOK APPLICATION">
		<V n="ID">0</V>
		<V n="TYPE">Page</V>
		<V n="STATUS">0</V>
		<V n="IMAGEFILE"></V>
		<V n="DATAFILE"></V>
		<V n="TEMPLATE IMAGE"></V>
		<V n="MIN_TYPES">0</V>
		<V n="MAX_TYPES">0</V>
		<V n="rules">&lt;in /&gt;&lt;out /&gt;</V>
		<F type="ACCOUNT NUMBER_3" pos="0" min="0" max="0"/>
		<F type="CUSTOMER NAME_2" pos="0" min="0" max="0"/>
	</P>
	<P type="SAVING ATM APPLICATION">
		<V n="ID">0</V>
		<V n="TYPE">Page</V>
		<V n="STATUS">0</V>
		<V n="IMAGEFILE"></V>
		<V n="DATAFILE"></V>
		<V n="TEMPLATE IMAGE"></V>
		<V n="MIN_TYPES">0</V>
		<V n="MAX_TYPES">0</V>
		<V n="rules">&lt;in /&gt;&lt;out /&gt;</V>
		<F type="ACCOUNT NUMBER_4" pos="0" min="0" max="0"/>
		<F type="CUSTOMER NAME_3" pos="0" min="0" max="0"/>
		<F type="ATM CARD NUMBER" pos="0" min="0" max="0"/>
	</P>
	<P type="CURRENT ACCOUNT OPENING FORM">
		<V n="ID">0</V>
		<V n="TYPE">Page</V>
		<V n="STATUS">0</V>
		<V n="IMAGEFILE"></V>
		<V n="DATAFILE"></V>
		<V n="TEMPLATE IMAGE"></V>
		<V n="MIN_TYPES">0</V>
		<V n="MAX_TYPES">0</V>
		<V n="rules">&lt;in /&gt;&lt;out /&gt;</V>
		<F type="ACCOUNT NUMBER_5" pos="0" min="0" max="0"/>
		<F type="CUSTOMER NAME_4" pos="0" min="0" max="0"/>
		<F type="CIF_2" pos="0" min="0" max="0"/>
		<F type="ACCOUNT OPEN DATE_1" pos="0" min="0" max="0"/>
		<F type="ACCOUNT TYPE_1" pos="0" min="0" max="0"/>
		<F type="SOL ID_1" pos="0" min="0" max="0"/>
		<F type="DOB_1" pos="0" min="0" max="0"/>
		<F type="KYC_1" pos="0" min="0" max="0"/>
		<F type="STAFF EMPLOYEE NO_1" pos="0" min="0" max="0"/>
		<F type="MOBILE_1" pos="0" min="0" max="0"/>
		<F type="EMAIL ID_1" pos="0" min="0" max="0"/>
	</P>
	<P type="CURRENT KYC_DOCUMENT">
		<V n="ID">0</V>
		<V n="TYPE">Page</V>
		<V n="STATUS">0</V>
		<V n="IMAGEFILE"></V>
		<V n="DATAFILE"></V>
		<V n="TEMPLATE IMAGE"></V>
		<V n="MIN_TYPES">0</V>
		<V n="MAX_TYPES">0</V>
		<V n="rules">&lt;in /&gt;&lt;out /&gt;</V>
		<F type="ACCOUNT NUMBER_6" pos="0" min="0" max="0"/>
		<F type="CIF_3" pos="0" min="0" max="0"/>
		<F type="DOC TYPE_1" pos="0" min="0" max="0"/>
		<F type="IDENTITY PROOF OF" pos="0" min="0" max="0"/>
		<F type="IDENTY PROOF OF FIRM" pos="0" min="0" max="0"/>
		<F type="ID PROOF OF  AUTHORIZED SIGNATORY" pos="0" min="0" max="0"/>
		<F type="ADDRESS PROOF OF" pos="0" min="0" max="0"/>
		<F type="ADDRESS PROOF OF FIRM" pos="0" min="0" max="0"/>
		<F type="ADDRESS PROOF OF AUTORISED SIGNATURE" pos="0" min="0" max="0"/>
		<F type="PHOTO IDENTITY_1" pos="0" min="0" max="0"/>
	</P>
	<P type="CURRENT NOMINATION-FORM">
		<V n="ID">0</V>
		<V n="TYPE">Page</V>
		<V n="STATUS">0</V>
		<V n="IMAGEFILE"></V>
		<V n="DATAFILE"></V>
		<V n="TEMPLATE IMAGE"></V>
		<V n="MIN_TYPES">0</V>
		<V n="MAX_TYPES">0</V>
		<V n="rules">&lt;in /&gt;&lt;out /&gt;</V>
		<F type="ACCOUNT-NUMBER_3" pos="0" min="0" max="0"/>
		<F type="CUSTOMER-NAME_2" pos="0" min="0" max="0"/>
		<F type="NOMINATION-REG-NUMBER_1" pos="0" min="0" max="0"/>
	</P>
	<P type="CURRENT CHEQUE_BOOK_APPLICATION">
		<V n="ID">0</V>
		<V n="TYPE">Page</V>
		<V n="STATUS">0</V>
		<V n="IMAGEFILE"></V>
		<V n="DATAFILE"></V>
		<V n="TEMPLATE IMAGE"></V>
		<V n="MIN_TYPES">0</V>
		<V n="MAX_TYPES">0</V>
		<V n="rules">&lt;in /&gt;&lt;out /&gt;</V>
		<F type="CUSTOMER NAME_6" pos="0" min="0" max="0"/>
		<F type="ACCOUNT NUMBER_9" pos="0" min="0" max="0"/>
	</P>
	<P type="CURRENT ATM_APPLICATION">
		<V n="ID">0</V>
		<V n="TYPE">Page</V>
		<V n="STATUS">0</V>
		<V n="IMAGEFILE"></V>
		<V n="DATAFILE"></V>
		<V n="TEMPLATE IMAGE"></V>
		<V n="MIN_TYPES">0</V>
		<V n="MAX_TYPES">0</V>
		<V n="rules">&lt;in /&gt;&lt;out /&gt;</V>
		<F type="AGENDA_ITEM_NO_3" pos="0" min="0" max="0"/>
		<F type="CUSTOMER NAME_7" pos="0" min="0" max="0"/>
		<F type="ATM CARD NUMBER_1" pos="0" min="0" max="0"/>
	</P>
	<P type="FD ACCOUNT OPENING FORM">
		<V n="ID">0</V>
		<V n="TYPE">Page</V>
		<V n="STATUS">0</V>
		<V n="IMAGEFILE"></V>
		<V n="DATAFILE"></V>
		<V n="TEMPLATE IMAGE"></V>
		<V n="MIN_TYPES">0</V>
		<V n="MAX_TYPES">0</V>
		<V n="rules">&lt;in /&gt;&lt;out /&gt;</V>
		<F type="ACCOUNT NUMBER_10" pos="0" min="0" max="0"/>
		<F type="CUSTOMER NAME_8" pos="0" min="0" max="0"/>
		<F type="CIF_4" pos="0" min="0" max="0"/>
		<F type="ACCOUNT OPEN DATE_2" pos="0" min="0" max="0"/>
		<F type="ACCOUNT TYPE_2" pos="0" min="0" max="0"/>
		<F type="SOL ID_2" pos="0" min="0" max="0"/>
		<F type="DOB_2" pos="0" min="0" max="0"/>
		<F type="KYC_2" pos="0" min="0" max="0"/>
		<F type="STAFF EMPLOYEE NO_2" pos="0" min="0" max="0"/>
		<F type="MOBILE_2" pos="0" min="0" max="0"/>
		<F type="EMAIL ID_2" pos="0" min="0" max="0"/>
	</P>
	<P type="FD NOMINATION_FORM">
		<V n="ID">0</V>
		<V n="TYPE">Page</V>
		<V n="STATUS">0</V>
		<V n="IMAGEFILE"></V>
		<V n="DATAFILE"></V>
		<V n="TEMPLATE IMAGE"></V>
		<V n="MIN_TYPES">0</V>
		<V n="MAX_TYPES">0</V>
		<V n="rules">&lt;in /&gt;&lt;out /&gt;</V>
		<F type="ACCOUNT NUMBER_11" pos="0" min="0" max="0"/>
		<F type="CUSTOMER NAME_9" pos="0" min="0" max="0"/>
		<F type="NOMINATION REG NUMBER_2" pos="0" min="0" max="0"/>
	</P>
	<P type="FD 15G_15H">
		<V n="ID">0</V>
		<V n="TYPE">Page</V>
		<V n="STATUS">0</V>
		<V n="IMAGEFILE"></V>
		<V n="DATAFILE"></V>
		<V n="TEMPLATE IMAGE"></V>
		<V n="MIN_TYPES">0</V>
		<V n="MAX_TYPES">0</V>
		<V n="rules">&lt;in /&gt;&lt;out /&gt;</V>
		<F type="CIF_5" pos="0" min="0" max="0"/>
	</P>
	<P type="SAVING ACCOUNT OPENING FORM_TrailingPage">
		<V n="ID">0</V>
		<V n="TYPE">Page</V>
		<V n="STATUS">0</V>
		<V n="IMAGEFILE"></V>
		<V n="DATAFILE"></V>
		<V n="TEMPLATE IMAGE"></V>
		<V n="MIN_TYPES">0</V>
		<V n="MAX_TYPES">0</V>
		<V n="rules">&lt;in /&gt;&lt;out /&gt;</V>
	</P>
	<P type="SAVING KYC_DOCUMENT_TrailingPage">
		<V n="ID">0</V>
		<V n="TYPE">Page</V>
		<V n="STATUS">0</V>
		<V n="IMAGEFILE"></V>
		<V n="DATAFILE"></V>
		<V n="TEMPLATE IMAGE"></V>
		<V n="MIN_TYPES">0</V>
		<V n="MAX_TYPES">0</V>
		<V n="rules">&lt;in /&gt;&lt;out /&gt;</V>
	</P>
	<P type="SAVING NOMINATION_FORM_1_TralingPage">
		<V n="ID">0</V>
		<V n="TYPE">Page</V>
		<V n="STATUS">0</V>
		<V n="IMAGEFILE"></V>
		<V n="DATAFILE"></V>
		<V n="TEMPLATE IMAGE"></V>
		<V n="MIN_TYPES">0</V>
		<V n="MAX_TYPES">0</V>
		<V n="rules">&lt;in /&gt;&lt;out /&gt;</V>
	</P>
	<P type="SAVING CHEQUE_BOOK_APPLICATION_TrailingPage">
		<V n="ID">0</V>
		<V n="TYPE">Page</V>
		<V n="STATUS">0</V>
		<V n="IMAGEFILE"></V>
		<V n="DATAFILE"></V>
		<V n="TEMPLATE IMAGE"></V>
		<V n="MIN_TYPES">0</V>
		<V n="MAX_TYPES">0</V>
		<V n="rules">&lt;in /&gt;&lt;out /&gt;</V>
	</P>
	<P type="SAVING ATM_APPLICATION_TrailingPage">
		<V n="ID">0</V>
		<V n="TYPE">Page</V>
		<V n="STATUS">0</V>
		<V n="IMAGEFILE"></V>
		<V n="DATAFILE"></V>
		<V n="TEMPLATE IMAGE"></V>
		<V n="MIN_TYPES">0</V>
		<V n="MAX_TYPES">0</V>
		<V n="rules">&lt;in /&gt;&lt;out /&gt;</V>
	</P>
	<P type="CURRENT ACCOUNT OPENING FORM_TrailingPage">
		<V n="ID">0</V>
		<V n="TYPE">Page</V>
		<V n="STATUS">0</V>
		<V n="IMAGEFILE"></V>
		<V n="DATAFILE"></V>
		<V n="TEMPLATE IMAGE"></V>
		<V n="MIN_TYPES">0</V>
		<V n="MAX_TYPES">0</V>
		<V n="rules">&lt;in /&gt;&lt;out /&gt;</V>
	</P>
	<P type="CURRENT KYC_DOCUMENT_TrailingPage">
		<V n="ID">0</V>
		<V n="TYPE">Page</V>
		<V n="STATUS">0</V>
		<V n="IMAGEFILE"></V>
		<V n="DATAFILE"></V>
		<V n="TEMPLATE IMAGE"></V>
		<V n="MIN_TYPES">0</V>
		<V n="MAX_TYPES">0</V>
		<V n="rules">&lt;in /&gt;&lt;out /&gt;</V>
	</P>
	<P type="CURRENT NOMINATION-FORM_TrailingPage">
		<V n="ID">0</V>
		<V n="TYPE">Page</V>
		<V n="STATUS">0</V>
		<V n="IMAGEFILE"></V>
		<V n="DATAFILE"></V>
		<V n="TEMPLATE IMAGE"></V>
		<V n="MIN_TYPES">0</V>
		<V n="MAX_TYPES">0</V>
		<V n="rules">&lt;in /&gt;&lt;out /&gt;</V>
	</P>
	<P type="CURRENT CHEQUE_BOOK_APPLICATION_TrailingPage">
		<V n="ID">0</V>
		<V n="TYPE">Page</V>
		<V n="STATUS">0</V>
		<V n="IMAGEFILE"></V>
		<V n="DATAFILE"></V>
		<V n="TEMPLATE IMAGE"></V>
		<V n="MIN_TYPES">0</V>
		<V n="MAX_TYPES">0</V>
		<V n="rules">&lt;in /&gt;&lt;out /&gt;</V>
	</P>
	<P type="CURRENT ATM_APPLICATION_TrailingPage">
		<V n="ID">0</V>
		<V n="TYPE">Page</V>
		<V n="STATUS">0</V>
		<V n="IMAGEFILE"></V>
		<V n="DATAFILE"></V>
		<V n="TEMPLATE IMAGE"></V>
		<V n="MIN_TYPES">0</V>
		<V n="MAX_TYPES">0</V>
		<V n="rules">&lt;in /&gt;&lt;out /&gt;</V>
	</P>
	<P type="FD ACCOUNT OPENING FORM_TrailingPage">
		<V n="ID">0</V>
		<V n="TYPE">Page</V>
		<V n="STATUS">0</V>
		<V n="IMAGEFILE"></V>
		<V n="DATAFILE"></V>
		<V n="TEMPLATE IMAGE"></V>
		<V n="MIN_TYPES">0</V>
		<V n="MAX_TYPES">0</V>
		<V n="rules">&lt;in /&gt;&lt;out /&gt;</V>
	</P>
	<P type="FD NOMINATION_FORM_TrailingPage">
		<V n="ID">0</V>
		<V n="TYPE">Page</V>
		<V n="STATUS">0</V>
		<V n="IMAGEFILE"></V>
		<V n="DATAFILE"></V>
		<V n="TEMPLATE IMAGE"></V>
		<V n="MIN_TYPES">0</V>
		<V n="MAX_TYPES">0</V>
		<V n="rules">&lt;in /&gt;&lt;out /&gt;</V>
	</P>
	<P type="FD 15G_15H_TrailingPage">
		<V n="ID">0</V>
		<V n="TYPE">Page</V>
		<V n="STATUS">0</V>
		<V n="IMAGEFILE"></V>
		<V n="DATAFILE"></V>
		<V n="TEMPLATE IMAGE"></V>
		<V n="MIN_TYPES">0</V>
		<V n="MAX_TYPES">0</V>
		<V n="rules">&lt;in /&gt;&lt;out /&gt;</V>
	</P>
	<F type="Frequency_OMR1">
		<V n="ID">0</V>
		<V n="TYPE">Field</V>
		<V n="STATUS">0</V>
		<V n="MIN_TYPES">0</V>
		<V n="MAX_TYPES">0</V>
		<V n="length"></V>
		<V n="ReqConf">8</V>
		<V n="rules">&lt;in /&gt;&lt;out /&gt;</V>
		<V n="RecogType">4</V>
		<F type="Frequency_OMR1_OMR1" pos="0" min="0" max="0"/>
	</F>
	<F type="Signature_OMR1">
		<V n="ID">0</V>
		<V n="TYPE">Field</V>
		<V n="STATUS">0</V>
		<V n="MIN_TYPES">0</V>
		<V n="MAX_TYPES">0</V>
		<V n="length"></V>
		<V n="ReqConf">8</V>
		<V n="rules">&lt;in /&gt;&lt;out /&gt;</V>
	</F>
	<F type="Frequency_OMR1_OMR1">
		<V n="ID">0</V>
		<V n="TYPE">Field</V>
		<V n="STATUS">0</V>
		<V n="MIN_TYPES">0</V>
		<V n="MAX_TYPES">0</V>
		<V n="length"></V>
		<V n="ReqConf">8</V>
		<V n="rules">&lt;in /&gt;&lt;out /&gt;</V>
	</F>
	<F type="AGENDA_ITEM_NO_3">
		<V n="ID">0</V>
		<V n="TYPE">Field</V>
		<V n="STATUS">0</V>
		<V n="Position">0,0,0,0</V>
		<V n="MIN_TYPES">0</V>
		<V n="MAX_TYPES">0</V>
		<V n="length"></V>
		<V n="ReqConf">8</V>
		<V n="rules">&lt;in /&gt;&lt;out /&gt;</V>
	</F>
	<F type="ACCOUNT NUMBER">
		<V n="ID">0</V>
		<V n="TYPE">Field</V>
		<V n="STATUS">0</V>
		<V n="Position">0,0,0,0</V>
		<V n="MIN_TYPES">0</V>
		<V n="MAX_TYPES">0</V>
		<V n="length"></V>
		<V n="ReqConf">8</V>
		<V n="rules">&lt;in /&gt;&lt;out /&gt;</V>
	</F>
	<F type="CUSTOMER NAME">
		<V n="ID">0</V>
		<V n="TYPE">Field</V>
		<V n="STATUS">0</V>
		<V n="Position">0,0,0,0</V>
		<V n="MIN_TYPES">0</V>
		<V n="MAX_TYPES">0</V>
		<V n="length"></V>
		<V n="ReqConf">8</V>
		<V n="rules">&lt;in /&gt;&lt;out /&gt;</V>
	</F>
	<F type="CIF">
		<V n="ID">0</V>
		<V n="TYPE">Field</V>
		<V n="STATUS">0</V>
		<V n="Position">0,0,0,0</V>
		<V n="MIN_TYPES">0</V>
		<V n="MAX_TYPES">0</V>
		<V n="length"></V>
		<V n="ReqConf">8</V>
		<V n="rules">&lt;in /&gt;&lt;out /&gt;</V>
	</F>
	<F type="ACCOUNT OPEN DATE">
		<V n="ID">0</V>
		<V n="TYPE">Field</V>
		<V n="STATUS">0</V>
		<V n="Position">0,0,0,0</V>
		<V n="MIN_TYPES">0</V>
		<V n="MAX_TYPES">0</V>
		<V n="length"></V>
		<V n="ReqConf">8</V>
		<V n="rules">&lt;in /&gt;&lt;out /&gt;</V>
	</F>
	<F type="ACCOUNT TYPE">
		<V n="ID">0</V>
		<V n="TYPE">Field</V>
		<V n="STATUS">0</V>
		<V n="Position">0,0,0,0</V>
		<V n="MIN_TYPES">0</V>
		<V n="MAX_TYPES">0</V>
		<V n="length"></V>
		<V n="ReqConf">8</V>
		<V n="rules">&lt;in /&gt;&lt;out /&gt;</V>
		<V n="DICT">P:ACCOUNT TYPE</V>
	</F>
	<F type="SOL ID">
		<V n="ID">0</V>
		<V n="TYPE">Field</V>
		<V n="STATUS">0</V>
		<V n="Position">0,0,0,0</V>
		<V n="MIN_TYPES">0</V>
		<V n="MAX_TYPES">0</V>
		<V n="length"></V>
		<V n="ReqConf">8</V>
		<V n="rules">&lt;in /&gt;&lt;out /&gt;</V>
	</F>
	<F type="DOB">
		<V n="ID">0</V>
		<V n="TYPE">Field</V>
		<V n="STATUS">0</V>
		<V n="Position">0,0,0,0</V>
		<V n="MIN_TYPES">0</V>
		<V n="MAX_TYPES">0</V>
		<V n="length"></V>
		<V n="ReqConf">8</V>
		<V n="rules">&lt;in /&gt;&lt;out /&gt;</V>
	</F>
	<F type="STAFF EMPLOYEE NO">
		<V n="ID">0</V>
		<V n="TYPE">Field</V>
		<V n="STATUS">0</V>
		<V n="Position">0,0,0,0</V>
		<V n="MIN_TYPES">0</V>
		<V n="MAX_TYPES">0</V>
		<V n="length"></V>
		<V n="ReqConf">8</V>
		<V n="rules">&lt;in /&gt;&lt;out /&gt;</V>
	</F>
	<F type="MOBILE">
		<V n="ID">0</V>
		<V n="TYPE">Field</V>
		<V n="STATUS">0</V>
		<V n="Position">0,0,0,0</V>
		<V n="MIN_TYPES">0</V>
		<V n="MAX_TYPES">0</V>
		<V n="length"></V>
		<V n="ReqConf">8</V>
		<V n="rules">&lt;in /&gt;&lt;out /&gt;</V>
	</F>
	<F type="EMAIL ID">
		<V n="ID">0</V>
		<V n="TYPE">Field</V>
		<V n="STATUS">0</V>
		<V n="Position">0,0,0,0</V>
		<V n="MIN_TYPES">0</V>
		<V n="MAX_TYPES">0</V>
		<V n="length"></V>
		<V n="ReqConf">8</V>
		<V n="rules">&lt;in /&gt;&lt;out /&gt;</V>
	</F>
	<F type="ACCOUNT NUMBER_1">
		<V n="ID">0</V>
		<V n="TYPE">Field</V>
		<V n="STATUS">0</V>
		<V n="Position">0,0,0,0</V>
		<V n="MIN_TYPES">0</V>
		<V n="MAX_TYPES">0</V>
		<V n="length"></V>
		<V n="ReqConf">8</V>
		<V n="rules">&lt;in /&gt;&lt;out /&gt;</V>
	</F>
	<F type="CIF_1">
		<V n="ID">0</V>
		<V n="TYPE">Field</V>
		<V n="STATUS">0</V>
		<V n="Position">0,0,0,0</V>
		<V n="MIN_TYPES">0</V>
		<V n="MAX_TYPES">0</V>
		<V n="length"></V>
		<V n="ReqConf">8</V>
		<V n="rules">&lt;in /&gt;&lt;out /&gt;</V>
	</F>
	<F type="DOC TYPE">
		<V n="ID">0</V>
		<V n="TYPE">Field</V>
		<V n="STATUS">0</V>
		<V n="Position">0,0,0,0</V>
		<V n="MIN_TYPES">0</V>
		<V n="MAX_TYPES">0</V>
		<V n="length"></V>
		<V n="ReqConf">8</V>
		<V n="rules">&lt;in /&gt;&lt;out /&gt;</V>
		<V n="DICT">P:DOC TYPE_1</V>
	</F>
	<F type="ID PROOF DOCUMENTS">
		<V n="ID">0</V>
		<V n="TYPE">Field</V>
		<V n="STATUS">0</V>
		<V n="Position">0,0,0,0</V>
		<V n="MIN_TYPES">0</V>
		<V n="MAX_TYPES">0</V>
		<V n="length"></V>
		<V n="ReqConf">8</V>
		<V n="rules">&lt;in /&gt;&lt;out /&gt;</V>
		<V n="DICT">P:ID PROOF DOCUMENTS</V>
	</F>
	<F type="ADDRESS PROOF DOCUMENTS">
		<V n="ID">0</V>
		<V n="TYPE">Field</V>
		<V n="STATUS">0</V>
		<V n="Position">0,0,0,0</V>
		<V n="MIN_TYPES">0</V>
		<V n="MAX_TYPES">0</V>
		<V n="length"></V>
		<V n="ReqConf">8</V>
		<V n="rules">&lt;in /&gt;&lt;out /&gt;</V>
		<V n="DICT">P:ADDRESS PROOF DOCUMENTS</V>
	</F>
	<F type="PHOTO IDENTITY">
		<V n="ID">0</V>
		<V n="TYPE">Field</V>
		<V n="STATUS">0</V>
		<V n="Position">0,0,0,0</V>
		<V n="MIN_TYPES">0</V>
		<V n="MAX_TYPES">0</V>
		<V n="length"></V>
		<V n="ReqConf">8</V>
		<V n="rules">&lt;in /&gt;&lt;out /&gt;</V>
		<V n="DICT">P:PHOTO IDENTITY</V>
	</F>
	<F type="ACCOUNT NUMBER_2">
		<V n="ID">0</V>
		<V n="TYPE">Field</V>
		<V n="STATUS">0</V>
		<V n="Position">0,0,0,0</V>
		<V n="MIN_TYPES">0</V>
		<V n="MAX_TYPES">0</V>
		<V n="length"></V>
		<V n="ReqConf">8</V>
		<V n="rules">&lt;in /&gt;&lt;out /&gt;</V>
	</F>
	<F type="CUSTOMER NAME_1">
		<V n="ID">0</V>
		<V n="TYPE">Field</V>
		<V n="STATUS">0</V>
		<V n="Position">0,0,0,0</V>
		<V n="MIN_TYPES">0</V>
		<V n="MAX_TYPES">0</V>
		<V n="length"></V>
		<V n="ReqConf">8</V>
		<V n="rules">&lt;in /&gt;&lt;out /&gt;</V>
	</F>
	<F type="NOMINATION REG NUMBER">
		<V n="ID">0</V>
		<V n="TYPE">Field</V>
		<V n="STATUS">0</V>
		<V n="Position">0,0,0,0</V>
		<V n="MIN_TYPES">0</V>
		<V n="MAX_TYPES">0</V>
		<V n="length"></V>
		<V n="ReqConf">8</V>
		<V n="rules">&lt;in /&gt;&lt;out /&gt;</V>
	</F>
	<F type="ACCOUNT NUMBER_3">
		<V n="ID">0</V>
		<V n="TYPE">Field</V>
		<V n="STATUS">0</V>
		<V n="Position">0,0,0,0</V>
		<V n="MIN_TYPES">0</V>
		<V n="MAX_TYPES">0</V>
		<V n="length"></V>
		<V n="ReqConf">8</V>
		<V n="rules">&lt;in /&gt;&lt;out /&gt;</V>
	</F>
	<F type="CUSTOMER NAME_2">
		<V n="ID">0</V>
		<V n="TYPE">Field</V>
		<V n="STATUS">0</V>
		<V n="Position">0,0,0,0</V>
		<V n="MIN_TYPES">0</V>
		<V n="MAX_TYPES">0</V>
		<V n="length"></V>
		<V n="ReqConf">8</V>
		<V n="rules">&lt;in /&gt;&lt;out /&gt;</V>
	</F>
	<F type="ACCOUNT NUMBER_4">
		<V n="ID">0</V>
		<V n="TYPE">Field</V>
		<V n="STATUS">0</V>
		<V n="Position">0,0,0,0</V>
		<V n="MIN_TYPES">0</V>
		<V n="MAX_TYPES">0</V>
		<V n="length"></V>
		<V n="ReqConf">8</V>
		<V n="rules">&lt;in /&gt;&lt;out /&gt;</V>
	</F>
	<F type="CUSTOMER NAME_3">
		<V n="ID">0</V>
		<V n="TYPE">Field</V>
		<V n="STATUS">0</V>
		<V n="Position">0,0,0,0</V>
		<V n="MIN_TYPES">0</V>
		<V n="MAX_TYPES">0</V>
		<V n="length"></V>
		<V n="ReqConf">8</V>
		<V n="rules">&lt;in /&gt;&lt;out /&gt;</V>
	</F>
	<F type="ATM CARD NUMBER">
		<V n="ID">0</V>
		<V n="TYPE">Field</V>
		<V n="STATUS">0</V>
		<V n="Position">0,0,0,0</V>
		<V n="MIN_TYPES">0</V>
		<V n="MAX_TYPES">0</V>
		<V n="length"></V>
		<V n="ReqConf">8</V>
		<V n="rules">&lt;in /&gt;&lt;out /&gt;</V>
	</F>
	<F type="ACCOUNT NUMBER_5">
		<V n="ID">0</V>
		<V n="TYPE">Field</V>
		<V n="STATUS">0</V>
		<V n="Position">0,0,0,0</V>
		<V n="MIN_TYPES">0</V>
		<V n="MAX_TYPES">0</V>
		<V n="length"></V>
		<V n="ReqConf">8</V>
		<V n="rules">&lt;in /&gt;&lt;out /&gt;</V>
	</F>
	<F type="CUSTOMER NAME_4">
		<V n="ID">0</V>
		<V n="TYPE">Field</V>
		<V n="STATUS">0</V>
		<V n="Position">0,0,0,0</V>
		<V n="MIN_TYPES">0</V>
		<V n="MAX_TYPES">0</V>
		<V n="length"></V>
		<V n="ReqConf">8</V>
		<V n="rules">&lt;in /&gt;&lt;out /&gt;</V>
	</F>
	<F type="CIF_2">
		<V n="ID">0</V>
		<V n="TYPE">Field</V>
		<V n="STATUS">0</V>
		<V n="Position">0,0,0,0</V>
		<V n="MIN_TYPES">0</V>
		<V n="MAX_TYPES">0</V>
		<V n="length"></V>
		<V n="ReqConf">8</V>
		<V n="rules">&lt;in /&gt;&lt;out /&gt;</V>
	</F>
	<F type="ACCOUNT OPEN DATE_1">
		<V n="ID">0</V>
		<V n="TYPE">Field</V>
		<V n="STATUS">0</V>
		<V n="Position">0,0,0,0</V>
		<V n="MIN_TYPES">0</V>
		<V n="MAX_TYPES">0</V>
		<V n="length"></V>
		<V n="ReqConf">8</V>
		<V n="rules">&lt;in /&gt;&lt;out /&gt;</V>
	</F>
	<F type="ACCOUNT TYPE_1">
		<V n="ID">0</V>
		<V n="TYPE">Field</V>
		<V n="STATUS">0</V>
		<V n="Position">0,0,0,0</V>
		<V n="MIN_TYPES">0</V>
		<V n="MAX_TYPES">0</V>
		<V n="length"></V>
		<V n="ReqConf">8</V>
		<V n="rules">&lt;in /&gt;&lt;out /&gt;</V>
		<V n="DICT">P:ACCOUNT TYPE_1</V>
	</F>
	<F type="SOL ID_1">
		<V n="ID">0</V>
		<V n="TYPE">Field</V>
		<V n="STATUS">0</V>
		<V n="Position">0,0,0,0</V>
		<V n="MIN_TYPES">0</V>
		<V n="MAX_TYPES">0</V>
		<V n="length"></V>
		<V n="ReqConf">8</V>
		<V n="rules">&lt;in /&gt;&lt;out /&gt;</V>
	</F>
	<F type="DOB_1">
		<V n="ID">0</V>
		<V n="TYPE">Field</V>
		<V n="STATUS">0</V>
		<V n="Position">0,0,0,0</V>
		<V n="MIN_TYPES">0</V>
		<V n="MAX_TYPES">0</V>
		<V n="length"></V>
		<V n="ReqConf">8</V>
		<V n="rules">&lt;in /&gt;&lt;out /&gt;</V>
	</F>
	<F type="KYC_1">
		<V n="ID">0</V>
		<V n="TYPE">Field</V>
		<V n="STATUS">0</V>
		<V n="Position">0,0,0,0</V>
		<V n="MIN_TYPES">0</V>
		<V n="MAX_TYPES">0</V>
		<V n="length"></V>
		<V n="ReqConf">8</V>
		<V n="rules">&lt;in /&gt;&lt;out /&gt;</V>
		<V n="DICT">P:KYC_1</V>
	</F>
	<F type="STAFF EMPLOYEE NO_1">
		<V n="ID">0</V>
		<V n="TYPE">Field</V>
		<V n="STATUS">0</V>
		<V n="Position">0,0,0,0</V>
		<V n="MIN_TYPES">0</V>
		<V n="MAX_TYPES">0</V>
		<V n="length"></V>
		<V n="ReqConf">8</V>
		<V n="rules">&lt;in /&gt;&lt;out /&gt;</V>
	</F>
	<F type="MOBILE_1">
		<V n="ID">0</V>
		<V n="TYPE">Field</V>
		<V n="STATUS">0</V>
		<V n="Position">0,0,0,0</V>
		<V n="MIN_TYPES">0</V>
		<V n="MAX_TYPES">0</V>
		<V n="length"></V>
		<V n="ReqConf">8</V>
		<V n="rules">&lt;in /&gt;&lt;out /&gt;</V>
	</F>
	<F type="EMAIL ID_1">
		<V n="ID">0</V>
		<V n="TYPE">Field</V>
		<V n="STATUS">0</V>
		<V n="Position">0,0,0,0</V>
		<V n="MIN_TYPES">0</V>
		<V n="MAX_TYPES">0</V>
		<V n="length"></V>
		<V n="ReqConf">8</V>
		<V n="rules">&lt;in /&gt;&lt;out /&gt;</V>
	</F>
	<F type="ACCOUNT NUMBER_6">
		<V n="ID">0</V>
		<V n="TYPE">Field</V>
		<V n="STATUS">0</V>
		<V n="Position">0,0,0,0</V>
		<V n="MIN_TYPES">0</V>
		<V n="MAX_TYPES">0</V>
		<V n="length"></V>
		<V n="ReqConf">8</V>
		<V n="rules">&lt;in /&gt;&lt;out /&gt;</V>
	</F>
	<F type="CIF_3">
		<V n="ID">0</V>
		<V n="TYPE">Field</V>
		<V n="STATUS">0</V>
		<V n="Position">0,0,0,0</V>
		<V n="MIN_TYPES">0</V>
		<V n="MAX_TYPES">0</V>
		<V n="length"></V>
		<V n="ReqConf">8</V>
		<V n="rules">&lt;in /&gt;&lt;out /&gt;</V>
	</F>
	<F type="DOC TYPE_1">
		<V n="ID">0</V>
		<V n="TYPE">Field</V>
		<V n="STATUS">0</V>
		<V n="Position">0,0,0,0</V>
		<V n="MIN_TYPES">0</V>
		<V n="MAX_TYPES">0</V>
		<V n="length"></V>
		<V n="ReqConf">8</V>
		<V n="rules">&lt;in /&gt;&lt;out /&gt;</V>
		<V n="DICT">P:DOC TYPE CURRENT KYC</V>
	</F>
	<F type="IDENTITY PROOF OF">
		<V n="ID">0</V>
		<V n="TYPE">Field</V>
		<V n="STATUS">0</V>
		<V n="Position">0,0,0,0</V>
		<V n="MIN_TYPES">0</V>
		<V n="MAX_TYPES">0</V>
		<V n="length"></V>
		<V n="ReqConf">8</V>
		<V n="rules">&lt;in /&gt;&lt;out /&gt;</V>
		<V n="DICT">P:IDENTITY PROOF OF</V>
	</F>
	<F type="IDENTY PROOF OF FIRM">
		<V n="ID">0</V>
		<V n="TYPE">Field</V>
		<V n="STATUS">0</V>
		<V n="Position">0,0,0,0</V>
		<V n="MIN_TYPES">0</V>
		<V n="MAX_TYPES">0</V>
		<V n="length"></V>
		<V n="ReqConf">8</V>
		<V n="rules">&lt;in /&gt;&lt;out /&gt;</V>
		<V n="DICT">P:IDENTY PROOF OF FIRM</V>
	</F>
	<F type="ID PROOF OF  AUTHORIZED SIGNATORY">
		<V n="ID">0</V>
		<V n="TYPE">Field</V>
		<V n="STATUS">0</V>
		<V n="Position">0,0,0,0</V>
		<V n="MIN_TYPES">0</V>
		<V n="MAX_TYPES">0</V>
		<V n="length"></V>
		<V n="ReqConf">8</V>
		<V n="rules">&lt;in /&gt;&lt;out /&gt;</V>
		<V n="DICT">P:ID PROOF OF  AUTHORIZED SIGNATORY</V>
	</F>
	<F type="ADDRESS PROOF OF">
		<V n="ID">0</V>
		<V n="TYPE">Field</V>
		<V n="STATUS">0</V>
		<V n="Position">0,0,0,0</V>
		<V n="MIN_TYPES">0</V>
		<V n="MAX_TYPES">0</V>
		<V n="length"></V>
		<V n="ReqConf">8</V>
		<V n="rules">&lt;in /&gt;&lt;out /&gt;</V>
		<V n="DICT">P:ADDRESS PROOF OF</V>
	</F>
	<F type="ADDRESS PROOF OF FIRM">
		<V n="ID">0</V>
		<V n="TYPE">Field</V>
		<V n="STATUS">0</V>
		<V n="Position">0,0,0,0</V>
		<V n="MIN_TYPES">0</V>
		<V n="MAX_TYPES">0</V>
		<V n="length"></V>
		<V n="ReqConf">8</V>
		<V n="rules">&lt;in /&gt;&lt;out /&gt;</V>
		<V n="DICT">P:ADDRESS PROOF OF FIRM</V>
	</F>
	<F type="ADDRESS PROOF OF AUTORISED SIGNATURE">
		<V n="ID">0</V>
		<V n="TYPE">Field</V>
		<V n="STATUS">0</V>
		<V n="Position">0,0,0,0</V>
		<V n="MIN_TYPES">0</V>
		<V n="MAX_TYPES">0</V>
		<V n="length"></V>
		<V n="ReqConf">8</V>
		<V n="rules">&lt;in /&gt;&lt;out /&gt;</V>
		<V n="DICT">P:ADDRESS PROOF OF AUTORISED SIGNATURE</V>
	</F>
	<F type="PHOTO IDENTITY_1">
		<V n="ID">0</V>
		<V n="TYPE">Field</V>
		<V n="STATUS">0</V>
		<V n="Position">0,0,0,0</V>
		<V n="MIN_TYPES">0</V>
		<V n="MAX_TYPES">0</V>
		<V n="length"></V>
		<V n="ReqConf">8</V>
		<V n="rules">&lt;in /&gt;&lt;out /&gt;</V>
		<V n="DICT">P:PHOTO IDENTITY_1</V>
	</F>
	<F type="CUSTOMER NAME_6">
		<V n="ID">0</V>
		<V n="TYPE">Field</V>
		<V n="STATUS">0</V>
		<V n="Position">0,0,0,0</V>
		<V n="MIN_TYPES">0</V>
		<V n="MAX_TYPES">0</V>
		<V n="length"></V>
		<V n="ReqConf">8</V>
		<V n="rules">&lt;in /&gt;&lt;out /&gt;</V>
	</F>
	<F type="ACCOUNT NUMBER_9">
		<V n="ID">0</V>
		<V n="TYPE">Field</V>
		<V n="STATUS">0</V>
		<V n="Position">0,0,0,0</V>
		<V n="MIN_TYPES">0</V>
		<V n="MAX_TYPES">0</V>
		<V n="length"></V>
		<V n="ReqConf">8</V>
		<V n="rules">&lt;in /&gt;&lt;out /&gt;</V>
	</F>
	<F type="">
		<V n="ID">0</V>
		<V n="TYPE">Field</V>
		<V n="STATUS">0</V>
		<V n="Position">0,0,0,0</V>
		<V n="MIN_TYPES">0</V>
		<V n="MAX_TYPES">0</V>
		<V n="length"></V>
		<V n="ReqConf">8</V>
		<V n="rules">&lt;in /&gt;&lt;out /&gt;</V>
	</F>
	<F type="CUSTOMER NAME_7">
		<V n="ID">0</V>
		<V n="TYPE">Field</V>
		<V n="STATUS">0</V>
		<V n="Position">0,0,0,0</V>
		<V n="MIN_TYPES">0</V>
		<V n="MAX_TYPES">0</V>
		<V n="length"></V>
		<V n="ReqConf">8</V>
		<V n="rules">&lt;in /&gt;&lt;out /&gt;</V>
	</F>
	<F type="ATM CARD NUMBER_1">
		<V n="ID">0</V>
		<V n="TYPE">Field</V>
		<V n="STATUS">0</V>
		<V n="Position">0,0,0,0</V>
		<V n="MIN_TYPES">0</V>
		<V n="MAX_TYPES">0</V>
		<V n="length"></V>
		<V n="ReqConf">8</V>
		<V n="rules">&lt;in /&gt;&lt;out /&gt;</V>
	</F>
	<F type="Field11">
		<V n="ID">0</V>
		<V n="TYPE">Field</V>
		<V n="STATUS">0</V>
		<V n="Position">0,0,0,0</V>
		<V n="MIN_TYPES">0</V>
		<V n="MAX_TYPES">0</V>
		<V n="length"></V>
		<V n="ReqConf">8</V>
		<V n="rules">&lt;in /&gt;&lt;out /&gt;</V>
	</F>
	<F type="ACCOUNT NUMBER_10">
		<V n="ID">0</V>
		<V n="TYPE">Field</V>
		<V n="STATUS">0</V>
		<V n="Position">0,0,0,0</V>
		<V n="MIN_TYPES">0</V>
		<V n="MAX_TYPES">0</V>
		<V n="length"></V>
		<V n="ReqConf">8</V>
		<V n="rules">&lt;in /&gt;&lt;out /&gt;</V>
	</F>
	<F type="CUSTOMER NAME_8">
		<V n="ID">0</V>
		<V n="TYPE">Field</V>
		<V n="STATUS">0</V>
		<V n="Position">0,0,0,0</V>
		<V n="MIN_TYPES">0</V>
		<V n="MAX_TYPES">0</V>
		<V n="length"></V>
		<V n="ReqConf">8</V>
		<V n="rules">&lt;in /&gt;&lt;out /&gt;</V>
	</F>
	<F type="CIF_4">
		<V n="ID">0</V>
		<V n="TYPE">Field</V>
		<V n="STATUS">0</V>
		<V n="Position">0,0,0,0</V>
		<V n="MIN_TYPES">0</V>
		<V n="MAX_TYPES">0</V>
		<V n="length"></V>
		<V n="ReqConf">8</V>
		<V n="rules">&lt;in /&gt;&lt;out /&gt;</V>
	</F>
	<F type="ACCOUNT OPEN DATE_2">
		<V n="ID">0</V>
		<V n="TYPE">Field</V>
		<V n="STATUS">0</V>
		<V n="Position">0,0,0,0</V>
		<V n="MIN_TYPES">0</V>
		<V n="MAX_TYPES">0</V>
		<V n="length"></V>
		<V n="ReqConf">8</V>
		<V n="rules">&lt;in /&gt;&lt;out /&gt;</V>
	</F>
	<F type="ACCOUNT TYPE_2">
		<V n="ID">0</V>
		<V n="TYPE">Field</V>
		<V n="STATUS">0</V>
		<V n="Position">0,0,0,0</V>
		<V n="MIN_TYPES">0</V>
		<V n="MAX_TYPES">0</V>
		<V n="length"></V>
		<V n="ReqConf">8</V>
		<V n="rules">&lt;in /&gt;&lt;out /&gt;</V>
		<V n="DICT">P:ACCOUNT TYPE_2</V>
	</F>
	<F type="SOL ID_2">
		<V n="ID">0</V>
		<V n="TYPE">Field</V>
		<V n="STATUS">0</V>
		<V n="Position">0,0,0,0</V>
		<V n="MIN_TYPES">0</V>
		<V n="MAX_TYPES">0</V>
		<V n="length"></V>
		<V n="ReqConf">8</V>
		<V n="rules">&lt;in /&gt;&lt;out /&gt;</V>
	</F>
	<F type="DOB_2">
		<V n="ID">0</V>
		<V n="TYPE">Field</V>
		<V n="STATUS">0</V>
		<V n="Position">0,0,0,0</V>
		<V n="MIN_TYPES">0</V>
		<V n="MAX_TYPES">0</V>
		<V n="length"></V>
		<V n="ReqConf">8</V>
		<V n="rules">&lt;in /&gt;&lt;out /&gt;</V>
	</F>
	<F type="KYC_2">
		<V n="ID">0</V>
		<V n="TYPE">Field</V>
		<V n="STATUS">0</V>
		<V n="Position">0,0,0,0</V>
		<V n="MIN_TYPES">0</V>
		<V n="MAX_TYPES">0</V>
		<V n="length"></V>
		<V n="ReqConf">8</V>
		<V n="rules">&lt;in /&gt;&lt;out /&gt;</V>
		<V n="DICT">P:KYC_2</V>
	</F>
	<F type="STAFF EMPLOYEE NO_2">
		<V n="ID">0</V>
		<V n="TYPE">Field</V>
		<V n="STATUS">0</V>
		<V n="Position">0,0,0,0</V>
		<V n="MIN_TYPES">0</V>
		<V n="MAX_TYPES">0</V>
		<V n="length"></V>
		<V n="ReqConf">8</V>
		<V n="rules">&lt;in /&gt;&lt;out /&gt;</V>
	</F>
	<F type="MOBILE_2">
		<V n="ID">0</V>
		<V n="TYPE">Field</V>
		<V n="STATUS">0</V>
		<V n="Position">0,0,0,0</V>
		<V n="MIN_TYPES">0</V>
		<V n="MAX_TYPES">0</V>
		<V n="length"></V>
		<V n="ReqConf">8</V>
		<V n="rules">&lt;in /&gt;&lt;out /&gt;</V>
	</F>
	<F type="EMAIL ID_2">
		<V n="ID">0</V>
		<V n="TYPE">Field</V>
		<V n="STATUS">0</V>
		<V n="Position">0,0,0,0</V>
		<V n="MIN_TYPES">0</V>
		<V n="MAX_TYPES">0</V>
		<V n="length"></V>
		<V n="ReqConf">8</V>
		<V n="rules">&lt;in /&gt;&lt;out /&gt;</V>
	</F>
	<F type="ACCOUNT NUMBER_11">
		<V n="ID">0</V>
		<V n="TYPE">Field</V>
		<V n="STATUS">0</V>
		<V n="Position">0,0,0,0</V>
		<V n="MIN_TYPES">0</V>
		<V n="MAX_TYPES">0</V>
		<V n="length"></V>
		<V n="ReqConf">8</V>
		<V n="rules">&lt;in /&gt;&lt;out /&gt;</V>
	</F>
	<F type="CUSTOMER NAME_9">
		<V n="ID">0</V>
		<V n="TYPE">Field</V>
		<V n="STATUS">0</V>
		<V n="Position">0,0,0,0</V>
		<V n="MIN_TYPES">0</V>
		<V n="MAX_TYPES">0</V>
		<V n="length"></V>
		<V n="ReqConf">8</V>
		<V n="rules">&lt;in /&gt;&lt;out /&gt;</V>
	</F>
	<F type="NOMINATION REG NUMBER_2">
		<V n="ID">0</V>
		<V n="TYPE">Field</V>
		<V n="STATUS">0</V>
		<V n="Position">0,0,0,0</V>
		<V n="MIN_TYPES">0</V>
		<V n="MAX_TYPES">0</V>
		<V n="length"></V>
		<V n="ReqConf">8</V>
		<V n="rules">&lt;in /&gt;&lt;out /&gt;</V>
	</F>
	<F type="CIF_5">
		<V n="ID">0</V>
		<V n="TYPE">Field</V>
		<V n="STATUS">0</V>
		<V n="Position">0,0,0,0</V>
		<V n="MIN_TYPES">0</V>
		<V n="MAX_TYPES">0</V>
		<V n="length"></V>
		<V n="ReqConf">8</V>
		<V n="rules">&lt;in /&gt;&lt;out /&gt;</V>
	</F>
	<F type="ACCOUNT-NUMBER_3">
		<V n="ID">0</V>
		<V n="TYPE">Field</V>
		<V n="STATUS">0</V>
		<V n="Position">0,0,0,0</V>
		<V n="MIN_TYPES">0</V>
		<V n="MAX_TYPES">0</V>
		<V n="length"></V>
		<V n="ReqConf">8</V>
		<V n="rules">&lt;in /&gt;&lt;out /&gt;</V>
	</F>
	<F type="CUSTOMER-NAME_2">
		<V n="ID">0</V>
		<V n="TYPE">Field</V>
		<V n="STATUS">0</V>
		<V n="Position">0,0,0,0</V>
		<V n="MIN_TYPES">0</V>
		<V n="MAX_TYPES">0</V>
		<V n="length"></V>
		<V n="ReqConf">8</V>
		<V n="rules">&lt;in /&gt;&lt;out /&gt;</V>
	</F>
	<F type="NOMINATION-REG-NUMBER_1">
		<V n="ID">0</V>
		<V n="TYPE">Field</V>
		<V n="STATUS">0</V>
		<V n="Position">0,0,0,0</V>
		<V n="MIN_TYPES">0</V>
		<V n="MAX_TYPES">0</V>
		<V n="length"></V>
		<V n="ReqConf">8</V>
		<V n="rules">&lt;in /&gt;&lt;out /&gt;</V>
	</F>
	<F type="Document Type">
		<V n="ID">0</V>
		<V n="TYPE">Field</V>
		<V n="STATUS">0</V>
		<V n="Position">0,0,0,0</V>
		<V n="MIN_TYPES">0</V>
		<V n="MAX_TYPES">0</V>
		<V n="length"></V>
		<V n="ReqConf">8</V>
		<V n="rules">&lt;in /&gt;&lt;out /&gt;</V>
	</F>
	<F type="Document_Type">
		<V n="ID">0</V>
		<V n="TYPE">Field</V>
		<V n="STATUS">0</V>
		<V n="Position">0,0,0,0</V>
		<V n="MIN_TYPES">0</V>
		<V n="MAX_TYPES">0</V>
		<V n="length"></V>
		<V n="ReqConf">8</V>
		<V n="rules">&lt;in /&gt;&lt;out /&gt;</V>
	</F>
	<F type="Photograph">
		<V n="ID">0</V>
		<V n="TYPE">Field</V>
		<V n="STATUS">0</V>
		<V n="Position">0,0,0,0</V>
		<V n="MIN_TYPES">0</V>
		<V n="MAX_TYPES">0</V>
		<V n="length"></V>
		<V n="ReqConf">8</V>
		<V n="rules">&lt;in&gt;&lt;r id=&quot;1&quot; rs=&quot;36&quot; /&gt;&lt;/in&gt;&lt;out /&gt;</V>
	</F>
	<F type="Signature">
		<V n="ID">0</V>
		<V n="TYPE">Field</V>
		<V n="STATUS">0</V>
		<V n="Position">0,0,0,0</V>
		<V n="MIN_TYPES">0</V>
		<V n="MAX_TYPES">0</V>
		<V n="length"></V>
		<V n="ReqConf">8</V>
		<V n="rules">&lt;in&gt;&lt;r id=&quot;2&quot; rs=&quot;36&quot; /&gt;&lt;/in&gt;&lt;out /&gt;</V>
	</F>
	<DICT n="P:ACCOUNT TYPE">
		<W v="Savings Bank A/C">Savings Bank A/C</W>
		<W v="Saving DEP (CPTL GAINS PART A)">Saving DEP (CPTL GAINS PART A)</W>
		<W v="Savings Bank PBLC SCTR INSTT">Savings Bank PBLC SCTR INSTT</W>
		<W v="SARAL Savings Scheme">SARAL Savings Scheme</W>
		<W v="Saving Financial Inclusion">Saving Financial Inclusion</W>
		<W v="SB Direct Cash TRF Account">SB Direct Cash TRF Account</W>
		<W v="PSB-Premier SB-Bank A/C">PSB-Premier SB-Bank A/C</W>
		<W v="NRO Saving Bank A/C">NRO Saving Bank A/C</W>
		<W v="NRE Saving A/C">NRE Saving A/C</W>
		<W v="SB Salary CORP/GOVT">SB Salary CORP/GOVT</W>
	</DICT>
	<DICT n="P:DOC TYPE">
		<W v="IDENTITY PROOF">IDENTITY PROOF</W>
		<W v="ADDRESS PROOF">ADDRESS PROOF</W>
		<W v="PHOTO PROOF">PHOTO PROOF</W>
	</DICT>
	<DICT n="P:ID PROOF DOCUMENTS">
		<W v="Passport">Passport</W>
		<W v="Voter Card">Voter Card</W>
		<W v="Pan Card">Pan Card</W>
		<W v="Driving License">Driving License</W>
		<W v="Aadhar Letter Issued By UIDAI">Aadhar Letter Issued By UIDAI</W>
		<W v="GOVT / PSU Issued By Card">GOVT / PSU Issued By Card</W>
		<W v="NREGA Job Card Duly Signed By State Govt Official">NREGA Job Card Duly Signed By State Govt Official</W>
		<W v="E-KYC">E-KYC</W>
		<W v="National Population Registration Number">National Population Registration Number</W>
	</DICT>
	<DICT n="P:ADDRESS PROOF DOCUMENTS">
		<W v="Passport">Passport</W>
		<W v="Voter Card">Voter Card</W>
		<W v="Driving License">Driving License</W>
		<W v="Aadhar Letter Issued By UIDAI">Aadhar Letter Issued By UIDAI</W>
		<W v="Electricity Bill">Electricity Bill</W>
		<W v="Water Bill">Water Bill</W>
		<W v="Mobile Bill">Mobile Bill</W>
		<W v="Employer Certified Address Letter">Employer Certified Address Letter</W>
		<W v="Last 3 Month Bank Passbook/Statement">Last 3 Month Bank Passbook/Statement</W>
		<W v="3 Months Credit Card Statement">3 Months Credit Card Statement</W>
		<W v="Income Tax/Wealth Tax Assessment Order">Income Tax/Wealth Tax Assessment Order</W>
		<W v="Life/Medical Insurance policy">Life/Medical Insurance policy</W>
		<W v="Physical verification Letter">Physical verification Letter</W>
		<W v="Municipal/House Tax receipt">Municipal/House Tax receipt</W>
		<W v="PAN Intimation Letter">PAN Intimation Letter</W>
		<W v="NREGA Job Card Duly Signed By State Govt Official">NREGA Job Card Duly Signed By State Govt Official</W>
		<W v="E-KYC">E-KYC</W>
		<W v="National Population Registration Number">National Population Registration Number</W>
	</DICT>
	<DICT n="P:PHOTO IDENTITY">
		<W v="Self">Self</W>
		<W v="Photo of Guardian or Related Person">Photo of Guardian or Related Person</W>
	</DICT>
	<DICT n="P:ACCOUNT TYPE_1">
		<W v="Current Deposit-General">Current Deposit-General</W>
		<W v="PSB-Premier CURR A/C">PSB-Premier CURR A/C</W>
		<W v="NRE Current A/C">NRE Current A/C</W>
		<W v="NRO Current A/C">NRO Current A/C</W>
	</DICT>
	<DICT n="P:KYC_1">
		<W v="Pan Card">Pan Card</W>
		<W v="Aadhar No">Aadhar No</W>
		<W v="Passport">Passport</W>
		<W v="Driving License">Driving License</W>
	</DICT>
	<DICT n="P:DOC TYPE_1">
		<W v="Identity Proof">Identity Proof</W>
		<W v="Address Proof">Address Proof</W>
		<W v="Photo Proof">Photo Proof</W>
	</DICT>
	<DICT n="P:IDENTITY PROOF OF">
		<W v="Firm">Firm</W>
		<W v="Authorized Signatory">Authorized Signatory</W>
	</DICT>
	<DICT n="P:IDENTY PROOF OF FIRM">
		<W v="Partnership deed">Partnership deed</W>
		<W v="Registration Certificate (In Case of REGD Concern)">Registration Certificate (In Case of REGD Concern)</W>
		<W v="Certificate of Incorporation">Certificate of Incorporation</W>
		<W v="Memorandum And Articles Of Association">Memorandum And Articles Of Association</W>
		<W v="REGN/LICENSE Document Issued By Central/State Govt">REGN/LICENSE Document Issued By Central/State Govt</W>
		<W v="Resolution Of Board">Resolution Of Board</W>
		<W v="POA Granted To Transact On Its Behalf">POA Granted To Transact On Its Behalf</W>
		<W v="Activity Proof (In Case Of Proprietor)">Activity Proof (In Case Of Proprietor)</W>
		<W v="Trust Deed">Trust Deed</W>
	</DICT>
	<DICT n="P:ID PROOF OF  AUTHORIZED SIGNATORY">
		<W v="Passport">Passport</W>
		<W v="Voter Card">Voter Card</W>
		<W v="PAN Card">PAN Card</W>
		<W v="Driving License">Driving License</W>
		<W v="Aadhar Letter Issued By UIDAI">Aadhar Letter Issued By UIDAI</W>
	</DICT>
	<DICT n="P:ADDRESS PROOF OF">
		<W v="Firm">Firm</W>
		<W v="Authorized Signatory">Authorized Signatory</W>
	</DICT>
	<DICT n="P:ADDRESS PROOF OF FIRM">
		<W v="Registration Certificate (In Case Of REGD Concern)">Registration Certificate (In Case Of REGD Concern)</W>
		<W v="Certificate/License Issued By Municipal CORP">Certificate/License Issued By Municipal CORP</W>
		<W v="Sales TAX Return (In Case Of Non-Individual)">Sales TAX Return (In Case Of Non-Individual)</W>
		<W v="Partnership Deed (In Case Of Partnership)">Partnership Deed (In Case Of Partnership)</W>
		<W v="CST / VAT Certificate">CST / VAT Certificate</W>
		<W v="License By Registering Auth - ICAI, ICWA, ICSI Etc">License By Registering Auth - ICAI, ICWA, ICSI Etc</W>
		<W v="Certificate Of Commencement (In Case Of Corporate)">Certificate Of Commencement (In Case Of Corporate)</W>
		<W v="Certificate Of Incorporation (In Case Of Corporate)">Certificate Of Incorporation (In Case Of Corporate)</W>
		<W v="Memorandum And Articles Of Association">Memorandum And Articles Of Association</W>
		<W v="Resolution Of BOD For Opening A/C &amp; Auth Signatory">Resolution Of BOD For Opening A/C &amp; Auth Signatory</W>
		<W v="REGN/ License Document Issued By central/ State Govt">REGN/ License Document Issued By central/ State Govt</W>
	</DICT>
	<DICT n="P:ADDRESS PROOF OF AUTORISED SIGNATURE">
		<W v="Passport">Passport</W>
		<W v="Voter Card">Voter Card</W>
		<W v="Driving License">Driving License</W>
		<W v="Aadhar Letter Issued By UIDAI">Aadhar Letter Issued By UIDAI</W>
		<W v="PAN Intimation Letter">PAN Intimation Letter</W>
		<W v="NREGA Job Card Duly Singed By State Govt Official">NREGA Job Card Duly Singed By State Govt Official</W>
	</DICT>
	<DICT n="P:PHOTO IDENTITY_1">
		<W v="Self">Self</W>
		<W v="Photo Of Guardian Or Related Person">Photo Of Guardian Or Related Person</W>
	</DICT>
	<DICT n="P:ACCOUNT TYPE_2">
		<W v="FD DEP FRM OTH(GNRL PBLC)">FD DEP FRM OTH(GNRL PBLC)</W>
		<W v="FD ORDNRY-DIFFL RATE">FD ORDNRY-DIFFL RATE</W>
		<W v="DEP Under Multipurpose SCH">DEP Under Multipurpose SCH</W>
		<W v="FD SCH-DIFFL RATE">FD SCH-DIFFL RATE</W>
		<W v="Recurring DEP">Recurring DEP</W>
		<W v="Cash Certificate">Cash Certificate</W>
		<W v="CERT OF DEP Scheme">CERT OF DEP Scheme</W>
		<W v="CPTL GAINS SCH PART B-ORDNRY">CPTL GAINS SCH PART B-ORDNRY</W>
		<W v="CPTL GAINS SCH PART B-SCHEME">CPTL GAINS SCH PART B-SCHEME</W>
		<W v="Deposit Under FLOAT ROI">Deposit Under FLOAT ROI</W>
		<W v="PSBFD TAX Saver SCH-ORDNRY">PSBFD TAX Saver SCH-ORDNRY</W>
		<W v="PSBFD TAX Saver SCH-SCHS">PSBFD TAX Saver SCH-SCHS</W>
		<W v="PSB VVS YOJANA (ORDINARY)">PSB VVS YOJANA (ORDINARY)</W>
		<W v="PSB VVS YOJANA (SCHEME)">PSB VVS YOJANA (SCHEME)</W>
		<W v="NON RES EXT A/C-ORDNRY">NON RES EXT A/C-ORDNRY</W>
		<W v="NON RES EXT A/C-SCHS">NON RES EXT A/C-SCHS</W>
		<W v="NRO A/C FIXED DEP-ORDNRY">NRO A/C FIXED DEP-ORDNRY</W>
		<W v="NRO A/C FIXED DEP-SCHS">NRO A/C FIXED DEP-SCHS</W>
		<W v="FRGN CRNCY NON RES A/C">FRGN CRNCY NON RES A/C</W>
		<W v="RFC Fixed DEP">RFC Fixed DEP</W>
	</DICT>
	<DICT n="P:KYC_2">
		<W v="PAN Card">PAN Card</W>
		<W v="Aadhar No">Aadhar No</W>
		<W v="Passport">Passport</W>
		<W v="Driving License">Driving License</W>
	</DICT>
	<DICT n="P:DocType">
		<W v="RFP DETAILS">RFP DETAILS</W>
		<W v="RFP DOCUMENTS">RFP DOCUMENTS</W>
		<W v="ADDENDUM">ADDENDUM</W>
		<W v="ANNEXURE">ANNEXURE</W>
		<W v="SUPPORTING-DOCUMENTS">SUPPORTING-DOCUMENTS</W>
	</DICT>
	<DICT n="P:DOC TYPE CURRENT KYC">
		<W v="Identity Proof">Identity Proof</W>
		<W v="Address Proof">Address Proof</W>
		<W v="Photograph">Photograph</W>
	</DICT>
</S>
