{
	
	// fields (includes batch-level fields)
	"field.TENDERNO":"TENDER NO",
	"field.DATERFP":"DATE OF RFP",
	"field.HODPTCODE":"HO DEPARTMENT CODE",
	"field.RFPSUBJECT":"RFP SUBJECT",
	"field.SCOPERFP":"SCOPE OF RFP",
	"field.PRTIMELINES":"PROJECT TIMELINES",
	"field.TERMSNCOND":"TERMS AND CONDITIONS",
	"field.EVALPROCESS":"EVALUATION PROCESS",
	"field.BIDSYS":"BID SYSTEM",
	"field.DATEAUDIT":"DATE OF AUDIT",
	"field.ADDNO":"ADDENDUM NO",
	"field.ADDDATE":"ADDENDUM DATE",
	"field.ADDSUBJECT":"ADDENDUM SUBJECT",
	"field.REFNO":"REFERENCE NO",
	"field.SUB":"SUBJECT",
	"field.STAFFNAME":"STAFF NAME",
	"field.NOTETYPE":"NOTE TYPE",
	"field.DATEOFAGR":"DATE OF AGREEMENT/ADDENDUM/ VOUCHER",
	"field.INVOICE":"INVOICE / VOUCHER AMOUNT",
	"field.NAME":"NAME OF PARTY/VENDOR",
	"field.DOCTYPE":"DOCUMENT TYPE",
	"field.REM":"REMARKS",
	"field.DATEOFAUDIT":"DATE OF AUDIT",
	"field.TYPEAUDIT":"TYPE OF AUDIT",
	"field.DTYPE":"DOCUMENT TYPE",
	"field.ACCNO":"ACCOUNT NO",
	"field.LETTERDATE":"LETTER DATE",
	"field.SUBCORR":"SUBJECT",
	"field.SENTTO":"SENT TO",
	"field.LETTERTYPE":"LETTER TYPE",
	"field.RECIEVED FROM":"RECEIVED FROM",
	"field.DOCUMENTTYPE_TDS":"DOCUMENT TYPE",
	"field.DOCUMENTTYPE_TDS":"DOCUMENT TYPE",
	
	
	// shortcuts
	"shortcut.NAVVScan":"Scan",
	"shortcut.NAVPageID":"Processing",
	"shortcut.NAVClassifyFI":"Classify Document",
	"shortcut.NAVMaker":"Document Details",
	"shortcut.NAVChecker":"Checker",
	"shortcut.NAVExport":"Export",
		
	
	// tasks
	"task.NAVVScan":"Scan",
	"task.NAVPageID":"Processing",
	"task.NAVClassifyFI":"Classify Document",
	"task.NAVMaker":"Document Details",								
	"task.NAVChecker":"Checker",
	"task.NAVExport":"Export"
}
