<?xml-stylesheet type="text/xsl" href="..\..\ProgramSet\set.xsl"?>
<S lang="en-IN">
  <P tip="" title="Batch processing" n="BatchProcessing">
    <V n="Page1" label="Web page" tip="Enter the file name and extension of the Active Server Page Extended File (ASPX) &#xD;&#xA;that Datacap Web presents to the user during this task." type="text" disabled="true">protoid.aspx</V>
    <V n="TaskDCOFile" label="Page file" tip="Enter the name of the page file that will be created during this task. &#xD;&#xA;Use taskname.xml to automatically assign the name of the task to the page file." type="text">taskname.xml</V>
    <V n="Hold" label="Allow hold" tip="Select this check box to display the Hold button on the web page. &#xD;&#xA;When the Hold button is visible, users can place a batch on hold before processing is complete." type="checkbox">1</V>
    <P tip="" title="Navigation" n="Navigation">
      <V n="DOF" label="Validation status" tip="Enter the three different status values that the application assigns to the current page after validation in a comma-separated list:&#xD;&#xA;- The first value is assigned when validation passes (Done). &#xD;&#xA;- The second value is assigned when the operator overrides a validation error (Override). &#xD;&#xA;- The third value is assigned when validation fails and override is not used (Fail).&#xD;&#xA;For example, 0,2,1 specifies Done status = 0; Override status = 2; Fail status = 1." type="text">0,2,1</V>
    </P>
  </P>
  <P tip="" title="Rulerunner settings" n="Rulerunner">
    <V n="TProfile" label="Main task profile" tip="Enter the name of the task profile to run when users click the Submit button." type="text">
    </V>
    <P tip="" title="Rulerunner service log settings" n="RRSLog">
      <V n="ServiceLog" label="Rulerunner service log" tip="Enter the setting that defines whether to create a Rulerunner service (RRS) log file and &#xD;&#xA;how much detail the task should write to the log file. The log file name includes the task profile &#xD;&#xA;name (taskname_rrs.log). Enter one of the following values: &#xD;&#xA;0  or 1 - No log file is created.&#xD;&#xA;2 - Log file with action logging is created, but no action parameters are logged.&#xD;&#xA;3 or 4 - Log file with action logging is created, and action parameters are logged.&#xD;&#xA;5 or higher - Log file with action logging is created and complete DCO navigation is logged.&#xD;&#xA;In most situations, a setting of 3 provides enough information to help you debug rule-related problems." type="text">3</V>
      <V n="BatchLog" label="Batch log" tip="Leave this field blank." type="text">
      </V>
      <V n="ActionLogLevel" label="Action log level" tip="Leave this field blank." type="text">
      </V>
      <V n="LogReflush" label="Flush buffer" tip="Select this check box if you want to write each processing message to the Rulerunner log file and to clear the buffer after each write operation. This method ensures that all messages are captured but reduces performance. Select this option only if you are troubleshooting.&#xD;&#xA;" type="checkbox">0</V>
    </P>
    <V n="RRSType" label="RRS Type" tip="Switch between LocalRRS and HttpWRRS execution" type="text">LocalRRS</V>
    <V n="HttpWRRS" label="WRRS URL" tip="Specify the HTTP URL path so that WRRS can be run." type="text">http://127.0.0.1/RRS/</V>
  </P>
  <P tip="" title="Page ID" n="ProtoSet">
    <V n="HiTypes" label="Highlighted types" tip="Enter the page types to highlight for better visual separation (like Start Doc) in a comma-separated list." type="text">Other</V>
    <V n="SuperVars" label="Special Variable values" tip="Use this field to list possible values for a Super variable. By hot key, the variable cycles or clears the possible values. To assign extra special meaning, use these mnemonics: VarValue|RequireType,VarValue|~ExcludeType" type="text">Deleted</V>
    <V n="Scale" label="Thumbnail scale" tip="Specify the size of the thumbnails displayed in the main task window." type="text">15</V>
    <V n="DocIntegrity" label="Document Integrity" tip="Specify whether a document integrity check using rules is run when the document is identified as Done." type="checkbox">1</V>
    <V n="InsertType" label="Insert type" tip="Specify the page type to use when inserting a new page." type="text">
    </V>
  </P>
</S>